INSERT INTO `users` (`userID`, `sin`, `userName`, `dob`, `occupation`, `loginName`, `loginPW`, `address`, `country`, `city`, `postal_code`, `isHoster`) VALUES (1, '571264677', 'Alexanne Thiel', '1991-02-06', 'ea', 'christopher.konopels', 'voluptate', '894 O\'Reilly Avenue Suite 418\nRyanborough, WA 61863-1066', 'Nauru', 'Schusterstad', '70361', 0);
INSERT INTO `users` (`userID`, `sin`, `userName`, `dob`, `occupation`, `loginName`, `loginPW`, `address`, `country`, `city`, `postal_code`, `isHoster`) VALUES (2, '59668949', 'Rosalind Koepp V', '1984-12-25', 'perspiciatis', 'klein.jerome', 'unde', '079 Myrtie Overpass Apt. 741\nAugustahaven, NJ 65927-0768', 'Palau', 'Jarretmouth', '51198-0118', 0);
INSERT INTO `users` (`userID`, `sin`, `userName`, `dob`, `occupation`, `loginName`, `loginPW`, `address`, `country`, `city`, `postal_code`, `isHoster`) VALUES (3, '812633449', 'Elizabeth Stark', '1997-05-10', 'ratione', 'tcorkery', 'quo', '712 Jermey Mews Suite 670\nPort Elodyland, OH 17053-1191', 'Seychelles', 'West Reynold', '38308', 0);
INSERT INTO `users` (`userID`, `sin`, `userName`, `dob`, `occupation`, `loginName`, `loginPW`, `address`, `country`, `city`, `postal_code`, `isHoster`) VALUES (4, '423146339', 'Alessandra Upton', '1983-09-24', 'molestias', 'bradly.schinner', 'cumque', '942 Antonio Roads Suite 528\nAlannaport, NC 23703-3614', 'Egypt', 'South Imogene', '40285', 0);
INSERT INTO `users` (`userID`, `sin`, `userName`, `dob`, `occupation`, `loginName`, `loginPW`, `address`, `country`, `city`, `postal_code`, `isHoster`) VALUES (5, '983918929', 'Jacinthe Lehner III', '1980-04-20', 'quia', 'audra80', 'dolorem', '92236 Hilll Prairie Suite 374\nNew Marieland, FL 74450-2068', 'Colombia', 'West Maribelside', '44689-9630', 0);
INSERT INTO `users` (`userID`, `sin`, `userName`, `dob`, `occupation`, `loginName`, `loginPW`, `address`, `country`, `city`, `postal_code`, `isHoster`) VALUES (6, '915140814', 'Mittie Gutmann', '1976-11-14', 'itaque', 'yolanda47', 'dolor', '52636 Lucio Curve Suite 579\nNew Melyna, NH 50899', 'Brunei Darussalam', 'Lake Mario', '65449', 0);
INSERT INTO `users` (`userID`, `sin`, `userName`, `dob`, `occupation`, `loginName`, `loginPW`, `address`, `country`, `city`, `postal_code`, `isHoster`) VALUES (7, '297438607', 'Kiana O\'Hara', '1986-11-28', 'sit', 'joana.pollich', 'est', '30223 Houston Port Suite 510\nLake Amayaberg, WA 30987', 'Slovenia', 'Natside', '00036', 0);
INSERT INTO `users` (`userID`, `sin`, `userName`, `dob`, `occupation`, `loginName`, `loginPW`, `address`, `country`, `city`, `postal_code`, `isHoster`) VALUES (8, '613120914', 'Dr. Linwood Beahan', '2000-02-12', 'iure', 'atreutel', 'aliquid', '5464 Schneider Brooks Apt. 121\nBreitenbergville, NM 39554-4320', 'Gibraltar', 'Erniechester', '14828', 0);
INSERT INTO `users` (`userID`, `sin`, `userName`, `dob`, `occupation`, `loginName`, `loginPW`, `address`, `country`, `city`, `postal_code`, `isHoster`) VALUES (9, '394975269', 'Roberto Stamm', '1972-07-06', 'id', 'hlesch', 'ad', '85075 Oswaldo Springs\nNew Jeantown, MD 67308', 'Peru', 'Port Granvilleport', '64142', 0);
INSERT INTO `users` (`userID`, `sin`, `userName`, `dob`, `occupation`, `loginName`, `loginPW`, `address`, `country`, `city`, `postal_code`, `isHoster`) VALUES (10, '224879338', 'Audrey Tromp', '1996-05-30', 'cupiditate', 'schuppe.graciela', 'tempora', '449 Jett Street\nWest Reece, FL 54913', 'Honduras', 'Vidamouth', '48931', 0);
INSERT INTO `users` (`userID`, `sin`, `userName`, `dob`, `occupation`, `loginName`, `loginPW`, `address`, `country`, `city`, `postal_code`, `isHoster`) VALUES (11, '28941988', 'Hattie Botsford', '1988-06-02', 'dolores', 'wilkinson.aimee', 'quod', '603 Allene Island Apt. 330\nAufderharfurt, IN 67409', 'Honduras', 'Lake Ubaldohaven', '34281', 0);
INSERT INTO `users` (`userID`, `sin`, `userName`, `dob`, `occupation`, `loginName`, `loginPW`, `address`, `country`, `city`, `postal_code`, `isHoster`) VALUES (12, '497008929', 'Riley Murray', '1986-03-22', 'dicta', 'nlakin', 'et', '803 Ritchie Divide\nPort Lillieberg, CT 10525', 'Cyprus', 'South Jeromy', '38460-1965', 0);
INSERT INTO `users` (`userID`, `sin`, `userName`, `dob`, `occupation`, `loginName`, `loginPW`, `address`, `country`, `city`, `postal_code`, `isHoster`) VALUES (13, '576495752', 'Flossie Prosacco', '1978-12-13', 'totam', 'domingo.robel', 'ipsum', '1299 Sporer Plains Suite 920\nEichmannside, CA 09438', 'Lithuania', 'North Joannie', '48924', 0);
INSERT INTO `users` (`userID`, `sin`, `userName`, `dob`, `occupation`, `loginName`, `loginPW`, `address`, `country`, `city`, `postal_code`, `isHoster`) VALUES (14, '62424785', 'Keyshawn Quigley', '1976-06-12', 'voluptatum', 'ebony99', 'tenetur', '44436 Grady Burgs\nNorth Clinton, KS 81645', 'Turkmenistan', 'Nadershire', '02571-2640', 0);
INSERT INTO `users` (`userID`, `sin`, `userName`, `dob`, `occupation`, `loginName`, `loginPW`, `address`, `country`, `city`, `postal_code`, `isHoster`) VALUES (15, '968696142', 'Neil Lehner IV', '2001-03-17', 'animi', 'kreiger.lila', 'quo', '9090 Leuschke Union\nSwiftbury, UT 40984-5084', 'Tuvalu', 'New Lelahchester', '25289-2907', 0);
INSERT INTO `users` (`userID`, `sin`, `userName`, `dob`, `occupation`, `loginName`, `loginPW`, `address`, `country`, `city`, `postal_code`, `isHoster`) VALUES (16, '113225788', 'Miss Anais Bernhard DDS', '1973-10-04', 'et', 'cassin.christiana', 'nobis', '8429 Coleman Forge\nEast Ethelynchester, OK 95112', 'Guatemala', 'Hauckshire', '73981', 0);
INSERT INTO `users` (`userID`, `sin`, `userName`, `dob`, `occupation`, `loginName`, `loginPW`, `address`, `country`, `city`, `postal_code`, `isHoster`) VALUES (17, '861602959', 'Nicolas Gaylord', '1997-04-22', 'totam', 'dariana.prohaska', 'aut', '0614 Adolfo Rapids Apt. 013\nCierrastad, WV 09754-9079', 'Tajikistan', 'Terrymouth', '93790-7316', 0);
INSERT INTO `users` (`userID`, `sin`, `userName`, `dob`, `occupation`, `loginName`, `loginPW`, `address`, `country`, `city`, `postal_code`, `isHoster`) VALUES (18, '737493121', 'Dorothy Russel', '1990-03-15', 'soluta', 'nicholaus.howe', 'nostrum', '2396 Morissette Heights\nWest Isabelberg, NM 95375', 'Turkmenistan', 'Babyberg', '22566-5295', 0);
INSERT INTO `users` (`userID`, `sin`, `userName`, `dob`, `occupation`, `loginName`, `loginPW`, `address`, `country`, `city`, `postal_code`, `isHoster`) VALUES (19, '534464342', 'Dallas Kris', '1971-12-15', 'libero', 'christy.cormier', 'provident', '67336 Rylee Fort\nWest Titus, UT 20414-7843', 'Nigeria', 'Bashirianside', '73355-8893', 0);
INSERT INTO `users` (`userID`, `sin`, `userName`, `dob`, `occupation`, `loginName`, `loginPW`, `address`, `country`, `city`, `postal_code`, `isHoster`) VALUES (20, '105351548', 'Marie Grady', '1996-03-09', 'eveniet', 'grover30', 'doloribus', '806 Dooley Groves Suite 213\nNorth Zachariah, DC 58306', 'Portugal', 'Georgiannachester', '17233-1741', 0);
INSERT INTO `users` (`userID`, `sin`, `userName`, `dob`, `occupation`, `loginName`, `loginPW`, `address`, `country`, `city`, `postal_code`, `isHoster`) VALUES (21, '947212817', 'Dr. Edwin Romaguera I', '1978-11-07', 'ut', 'kozey.morgan', 'veniam', '109 Kilback Spurs Apt. 272\nTowneborough, NE 49648-1788', 'Denmark', 'South Randi', '21943-6370', 0);
INSERT INTO `users` (`userID`, `sin`, `userName`, `dob`, `occupation`, `loginName`, `loginPW`, `address`, `country`, `city`, `postal_code`, `isHoster`) VALUES (22, '178691370', 'Geraldine Torp', '1979-04-17', 'perspiciatis', 'lharber', 'alias', '12229 Nader Motorway Suite 302\nBlazefurt, NJ 65402-5421', 'Comoros', 'New Connor', '40835', 0);
INSERT INTO `users` (`userID`, `sin`, `userName`, `dob`, `occupation`, `loginName`, `loginPW`, `address`, `country`, `city`, `postal_code`, `isHoster`) VALUES (23, '536120683', 'Ms. Johanna Koch', '1985-06-12', 'eaque', 'colin.larkin', 'voluptate', '3207 Metz Fields Apt. 402\nRennerland, DC 66678', 'Palau', 'Ziemebury', '67740', 0);
INSERT INTO `users` (`userID`, `sin`, `userName`, `dob`, `occupation`, `loginName`, `loginPW`, `address`, `country`, `city`, `postal_code`, `isHoster`) VALUES (24, '963779875', 'Arjun Reilly', '1970-07-11', 'sed', 'don22', 'est', '56521 Korey Courts\nWest Ole, VT 53628', 'Guadeloupe', 'Nikolausside', '66326', 0);
INSERT INTO `users` (`userID`, `sin`, `userName`, `dob`, `occupation`, `loginName`, `loginPW`, `address`, `country`, `city`, `postal_code`, `isHoster`) VALUES (25, '21830090', 'Miss Dahlia Jones II', '1990-03-23', 'et', 'lavon69', 'voluptatem', '3936 Grant Fords\nSouth Betsyport, ME 26953', 'Uzbekistan', 'New Russellshire', '58192-8668', 0);
INSERT INTO `users` (`userID`, `sin`, `userName`, `dob`, `occupation`, `loginName`, `loginPW`, `address`, `country`, `city`, `postal_code`, `isHoster`) VALUES (26, '582849191', 'Prof. Sidney Donnelly', '1997-04-07', 'rerum', 'pollich.marlee', 'iste', '7586 Smith Mountains\nLake Mauricio, AL 49245-4673', 'Chad', 'VonRuedenville', '51934-2714', 1);
INSERT INTO `users` (`userID`, `sin`, `userName`, `dob`, `occupation`, `loginName`, `loginPW`, `address`, `country`, `city`, `postal_code`, `isHoster`) VALUES (27, '483685333', 'Ruthie Rath', '1976-04-28', 'non', 'brakus.moises', 'et', '3629 Moore Square\nFritschborough, SC 20050-0839', 'Niue', 'North Josianne', '16321', 1);
INSERT INTO `users` (`userID`, `sin`, `userName`, `dob`, `occupation`, `loginName`, `loginPW`, `address`, `country`, `city`, `postal_code`, `isHoster`) VALUES (28, '914432', 'Prof. Jimmie Pfeffer MD', '2001-07-11', 'error', 'erik.okuneva', 'fuga', '0510 Malinda Shoal\nWest Allisonstad, VT 45288', 'Mayotte', 'Mayerburgh', '25165', 1);
INSERT INTO `users` (`userID`, `sin`, `userName`, `dob`, `occupation`, `loginName`, `loginPW`, `address`, `country`, `city`, `postal_code`, `isHoster`) VALUES (29, '844835754', 'Abe Schuppe', '1990-05-06', 'nulla', 'yessenia38', 'amet', '1849 Johnson Pike Suite 800\nEast Adrienne, MA 60148', 'Liechtenstein', 'East Mikelberg', '29795', 1);
INSERT INTO `users` (`userID`, `sin`, `userName`, `dob`, `occupation`, `loginName`, `loginPW`, `address`, `country`, `city`, `postal_code`, `isHoster`) VALUES (30, '50293432', 'Colt Deckow', '1976-08-13', 'rerum', 'alfonzo.heller', 'adipisci', '429 Feil Motorway\nNorth Veldashire, SD 86217-8181', 'Mongolia', 'New Ryleyfort', '06159', 1);
INSERT INTO `users` (`userID`, `sin`, `userName`, `dob`, `occupation`, `loginName`, `loginPW`, `address`, `country`, `city`, `postal_code`, `isHoster`) VALUES (31, '361589713', 'Rosie Reinger', '1975-11-12', 'fuga', 'ctillman', 'ab', '3973 Batz Villages Suite 676\nWest Marvinview, WV 56225', 'Brunei Darussalam', 'West Lue', '83927-2756', 1);
INSERT INTO `users` (`userID`, `sin`, `userName`, `dob`, `occupation`, `loginName`, `loginPW`, `address`, `country`, `city`, `postal_code`, `isHoster`) VALUES (32, '923700197', 'Austyn Klocko', '1988-10-24', 'deleniti', 'treva.bartoletti', 'ut', '5307 Connelly Key\nPort Aimeefort, MT 79483', 'Niue', 'East Aracelyside', '65021-1385', 1);
INSERT INTO `users` (`userID`, `sin`, `userName`, `dob`, `occupation`, `loginName`, `loginPW`, `address`, `country`, `city`, `postal_code`, `isHoster`) VALUES (33, '644322918', 'Cordell Davis', '1994-05-14', 'doloribus', 'mozell61', 'esse', '7016 Beer Isle Suite 380\nEast Josiah, ID 21310-1563', 'Bhutan', 'North Sibyl', '16088-7077', 1);
INSERT INTO `users` (`userID`, `sin`, `userName`, `dob`, `occupation`, `loginName`, `loginPW`, `address`, `country`, `city`, `postal_code`, `isHoster`) VALUES (34, '202379313', 'Alexandrine Effertz', '1979-12-26', 'qui', 'kovacek.courtney', 'et', '7257 Jerel Spur\nFritschberg, VT 56838-7071', 'Panama', 'Strackefort', '13493', 1);
INSERT INTO `users` (`userID`, `sin`, `userName`, `dob`, `occupation`, `loginName`, `loginPW`, `address`, `country`, `city`, `postal_code`, `isHoster`) VALUES (35, '567344437', 'Prof. Stephania Volkman II', '2001-01-06', 'sunt', 'okey.konopelski', 'rerum', '02914 Jeremy Turnpike Apt. 284\nEast Tobyborough, LA 26074-2136', 'Tokelau', 'Henrybury', '37149-6199', 1);
INSERT INTO `users` (`userID`, `sin`, `userName`, `dob`, `occupation`, `loginName`, `loginPW`, `address`, `country`, `city`, `postal_code`, `isHoster`) VALUES (36, '820082152', 'Prof. Edwin Gerhold', '1973-03-18', 'est', 'osinski.devyn', 'sed', '2832 Wilhelmine Trail\nBlairchester, NE 32240-2362', 'Cyprus', 'Brannonborough', '97913', 1);
INSERT INTO `users` (`userID`, `sin`, `userName`, `dob`, `occupation`, `loginName`, `loginPW`, `address`, `country`, `city`, `postal_code`, `isHoster`) VALUES (37, '719016606', 'Adalberto Heidenreich', '1992-03-27', 'velit', 'funk.orpha', 'adipisci', '20199 Julio Ridge Apt. 353\nWest Mateoville, OH 90324-6924', 'Nauru', 'Fayberg', '25928-2979', 1);
INSERT INTO `users` (`userID`, `sin`, `userName`, `dob`, `occupation`, `loginName`, `loginPW`, `address`, `country`, `city`, `postal_code`, `isHoster`) VALUES (38, '99703406', 'Sheldon Stroman', '1996-02-15', 'quae', 'kasandra.rice', 'dolorem', '198 Batz Run Suite 992\nRempelburgh, MS 90429-5719', 'Puerto Rico', 'East Dion', '08357-2199', 1);
INSERT INTO `users` (`userID`, `sin`, `userName`, `dob`, `occupation`, `loginName`, `loginPW`, `address`, `country`, `city`, `postal_code`, `isHoster`) VALUES (39, '272045080', 'Turner Walsh', '1978-02-16', 'quos', 'demard', 'culpa', '762 Elsie Canyon Apt. 765\nDeborahmouth, PA 22221', 'Bangladesh', 'Port Alan', '03342', 1);
INSERT INTO `users` (`userID`, `sin`, `userName`, `dob`, `occupation`, `loginName`, `loginPW`, `address`, `country`, `city`, `postal_code`, `isHoster`) VALUES (40, '732874756', 'Malika Sawayn', '1992-01-10', 'atque', 'allan.schaden', 'rerum', '998 Kovacek Rapid\nPort Normashire, SC 94786-5662', 'Iraq', 'East Katlynstad', '88676-5322', 1);
INSERT INTO `users` (`userID`, `sin`, `userName`, `dob`, `occupation`, `loginName`, `loginPW`, `address`, `country`, `city`, `postal_code`, `isHoster`) VALUES (41, '411482971', 'Helen Kovacek', '1994-07-14', 'harum', 'lakin.gerson', 'nobis', '0396 Hudson Square\nMcDermottborough, ID 94440-2774', 'Pitcairn Islands', 'Lake Edwardfort', '16691-4992', 1);
INSERT INTO `users` (`userID`, `sin`, `userName`, `dob`, `occupation`, `loginName`, `loginPW`, `address`, `country`, `city`, `postal_code`, `isHoster`) VALUES (42, '487014925', 'Cassandra Quitzon', '1974-08-26', 'delectus', 'ansley.rempel', 'reprehenderit', '63688 Terence Mission Suite 811\nMurazikburgh, ID 03813', 'Cambodia', 'East Vicenta', '18581-5619', 1);
INSERT INTO `users` (`userID`, `sin`, `userName`, `dob`, `occupation`, `loginName`, `loginPW`, `address`, `country`, `city`, `postal_code`, `isHoster`) VALUES (43, '138286564', 'Keven Huel III', '2000-11-06', 'deleniti', 'eddie.schmeler', 'voluptatem', '58462 Pfeffer Flats Apt. 657\nPort Camillabury, NC 96631-0760', 'Latvia', 'East Elveramouth', '89105-2876', 1);
INSERT INTO `users` (`userID`, `sin`, `userName`, `dob`, `occupation`, `loginName`, `loginPW`, `address`, `country`, `city`, `postal_code`, `isHoster`) VALUES (44, '681700941', 'Ms. Nicolette Johnson V', '1987-09-16', 'hic', 'zlangworth', 'qui', '6448 Alejandra Course Apt. 904\nLake Molliechester, CO 01824-2941', 'Sao Tome and Principe', 'North Ofeliaton', '29848-6084', 1);
INSERT INTO `users` (`userID`, `sin`, `userName`, `dob`, `occupation`, `loginName`, `loginPW`, `address`, `country`, `city`, `postal_code`, `isHoster`) VALUES (45, '413088514', 'Ms. Roselyn Barrows', '1982-02-22', 'aliquam', 'rhettinger', 'et', '365 Helene Circles\nNew Yasminland, AL 86446', 'Bulgaria', 'Emardshire', '43007', 1);
INSERT INTO `users` (`userID`, `sin`, `userName`, `dob`, `occupation`, `loginName`, `loginPW`, `address`, `country`, `city`, `postal_code`, `isHoster`) VALUES (46, '545686006', 'Retha Weimann', '1999-01-26', 'vitae', 'shad88', 'et', '84932 Kreiger Overpass\nDurwardberg, CA 82229-5260', 'Albania', 'Sallyberg', '05130', 1);
INSERT INTO `users` (`userID`, `sin`, `userName`, `dob`, `occupation`, `loginName`, `loginPW`, `address`, `country`, `city`, `postal_code`, `isHoster`) VALUES (47, '34521052', 'Prof. Earl Wuckert', '1992-06-14', 'voluptatem', 'o\'keefe.josue', 'voluptas', '8182 Paucek Spring\nSouth Wilma, NY 75823-7759', 'Colombia', 'Port Kayport', '96604', 1);
INSERT INTO `users` (`userID`, `sin`, `userName`, `dob`, `occupation`, `loginName`, `loginPW`, `address`, `country`, `city`, `postal_code`, `isHoster`) VALUES (48, '986716567', 'Eryn Schinner', '1976-05-20', 'doloremque', 'schroeder.beryl', 'eum', '09146 Grant Plains Apt. 130\nSouth Nola, SD 05405-4246', 'Vanuatu', 'Tristonstad', '94353', 1);
INSERT INTO `users` (`userID`, `sin`, `userName`, `dob`, `occupation`, `loginName`, `loginPW`, `address`, `country`, `city`, `postal_code`, `isHoster`) VALUES (49, '997079486', 'Mathilde Collins', '1978-09-22', 'non', 'claude12', 'et', '524 Nader Way Apt. 546\nNicolasbury, OK 92165', 'Mali', 'Austynfurt', '19942', 1);
INSERT INTO `users` (`userID`, `sin`, `userName`, `dob`, `occupation`, `loginName`, `loginPW`, `address`, `country`, `city`, `postal_code`, `isHoster`) VALUES (50, '808496179', 'Oma Jacobson', '1981-09-25', 'omnis', 'jared.padberg', 'nostrum', '335 Becker Green Suite 530\nLake Twilachester, MS 51318', 'Ireland', 'South Arjun', '29239-4323', 1);





INSERT INTO `renters` (`renterID`, `ccNumber`, `ccSecNum`, `ccCardName`) VALUES (1, '4916320330588', '545', 'Dr. Verona West');
INSERT INTO `renters` (`renterID`, `ccNumber`, `ccSecNum`, `ccCardName`) VALUES (2, '6011668806105895', '984', 'Marlin Bruen');
INSERT INTO `renters` (`renterID`, `ccNumber`, `ccSecNum`, `ccCardName`) VALUES (3, '5383108293596509', '456', 'Sanford Hegmann');
INSERT INTO `renters` (`renterID`, `ccNumber`, `ccSecNum`, `ccCardName`) VALUES (4, '371507631378953', '83', 'Mr. Hayley Prohaska IV');
INSERT INTO `renters` (`renterID`, `ccNumber`, `ccSecNum`, `ccCardName`) VALUES (5, '4916392731326515', '653', 'Clemens Mayer');
INSERT INTO `renters` (`renterID`, `ccNumber`, `ccSecNum`, `ccCardName`) VALUES (6, '6011163640345660', '565', 'Prof. Scarlett Buckridge');
INSERT INTO `renters` (`renterID`, `ccNumber`, `ccSecNum`, `ccCardName`) VALUES (7, '5156373040518700', '24', 'Daniela Bradtke');
INSERT INTO `renters` (`renterID`, `ccNumber`, `ccSecNum`, `ccCardName`) VALUES (8, '6011434530184942', '59', 'Ewell O\'Hara');
INSERT INTO `renters` (`renterID`, `ccNumber`, `ccSecNum`, `ccCardName`) VALUES (9, '5216897604424978', '485', 'Danyka Robel DVM');
INSERT INTO `renters` (`renterID`, `ccNumber`, `ccSecNum`, `ccCardName`) VALUES (10, '4999808345396', '11', 'Kip Terry DDS');
INSERT INTO `renters` (`renterID`, `ccNumber`, `ccSecNum`, `ccCardName`) VALUES (11, '4916616204633', '166', 'Virginia Flatley');
INSERT INTO `renters` (`renterID`, `ccNumber`, `ccSecNum`, `ccCardName`) VALUES (12, '5452746003495738', '936', 'Prof. Earl Kuphal III');
INSERT INTO `renters` (`renterID`, `ccNumber`, `ccSecNum`, `ccCardName`) VALUES (13, '5594669391522602', '718', 'Darwin Leffler');
INSERT INTO `renters` (`renterID`, `ccNumber`, `ccSecNum`, `ccCardName`) VALUES (14, '4589841319774', '644', 'Michel Luettgen');
INSERT INTO `renters` (`renterID`, `ccNumber`, `ccSecNum`, `ccCardName`) VALUES (15, '5243982256240602', '843', 'Asha Quigley');
INSERT INTO `renters` (`renterID`, `ccNumber`, `ccSecNum`, `ccCardName`) VALUES (16, '5311099392708716', '350', 'Ursula Ratke');
INSERT INTO `renters` (`renterID`, `ccNumber`, `ccSecNum`, `ccCardName`) VALUES (17, '5441312927815710', '543', 'Ms. Kyra Ratke II');
INSERT INTO `renters` (`renterID`, `ccNumber`, `ccSecNum`, `ccCardName`) VALUES (18, '5290623794312254', '661', 'Eddie Cronin');
INSERT INTO `renters` (`renterID`, `ccNumber`, `ccSecNum`, `ccCardName`) VALUES (19, '4485524304140350', '705', 'Davion Douglas');
INSERT INTO `renters` (`renterID`, `ccNumber`, `ccSecNum`, `ccCardName`) VALUES (20, '5267749908501243', '995', 'Dorcas McLaughlin III');
INSERT INTO `renters` (`renterID`, `ccNumber`, `ccSecNum`, `ccCardName`) VALUES (21, '5588063066901699', '818', 'Jovany Douglas');
INSERT INTO `renters` (`renterID`, `ccNumber`, `ccSecNum`, `ccCardName`) VALUES (22, '6011780577167353', '35', 'Ms. Mya Streich');
INSERT INTO `renters` (`renterID`, `ccNumber`, `ccSecNum`, `ccCardName`) VALUES (23, '4556945491729493', '708', 'Rosanna Denesik');
INSERT INTO `renters` (`renterID`, `ccNumber`, `ccSecNum`, `ccCardName`) VALUES (24, '4485577971296', '669', 'Dr. Lon Vandervort');
INSERT INTO `renters` (`renterID`, `ccNumber`, `ccSecNum`, `ccCardName`) VALUES (25, '4556004058921509', '438', 'Nasir Armstrong');





INSERT INTO `listing` (`listingID`, `listingType`, `longitude`, `latitude`, `hosterID`, `address`, `country`, `city`, `postal_code`, `avg_price`) VALUES (1, 'ut', '-124.099147', '-70.509394', 43, '657 Lucio Rest Suite 219\nWest Elfrieda, OK 01377-6880', 'Monaco', 'East Opal', '31691-2777', '2032790.61');
INSERT INTO `listing` (`listingID`, `listingType`, `longitude`, `latitude`, `hosterID`, `address`, `country`, `city`, `postal_code`, `avg_price`) VALUES (2, 'rerum', '-28.30281', '14.454001', 30, '23237 Littel Light\nBirdiefort, ME 33465-9788', 'Sri Lanka', 'Lake Elsieberg', '44418', '3.00');
INSERT INTO `listing` (`listingID`, `listingType`, `longitude`, `latitude`, `hosterID`, `address`, `country`, `city`, `postal_code`, `avg_price`) VALUES (3, 'ut', '61.986444', '63.698049', 40, '02755 Greenfelder Drives\nVerlaside, FL 33521-2529', 'Lao People\'s Democratic Republ', 'Lake Reymundomouth', '91579-1005', '12.31');
INSERT INTO `listing` (`listingID`, `listingType`, `longitude`, `latitude`, `hosterID`, `address`, `country`, `city`, `postal_code`, `avg_price`) VALUES (4, 'nulla', '-71.756534', '-11.314137', 46, '657 Swaniawski Union\nCartwrightfurt, CO 44496', 'Comoros', 'South Kayla', '43995', '3648.29');
INSERT INTO `listing` (`listingID`, `listingType`, `longitude`, `latitude`, `hosterID`, `address`, `country`, `city`, `postal_code`, `avg_price`) VALUES (5, 'autem', '-64.758155', '3.467881', 26, '05725 Carter Hills Apt. 454\nJenkinsberg, TX 97278', 'Iran', 'Mortimershire', '86287-8827', '2.54');
INSERT INTO `listing` (`listingID`, `listingType`, `longitude`, `latitude`, `hosterID`, `address`, `country`, `city`, `postal_code`, `avg_price`) VALUES (6, 'aut', '-14.247098', '-8.386735', 47, '34614 Bosco Stravenue\nDiamondville, OR 16632', 'Cook Islands', 'North Orin', '04762-1642', '0.00');
INSERT INTO `listing` (`listingID`, `listingType`, `longitude`, `latitude`, `hosterID`, `address`, `country`, `city`, `postal_code`, `avg_price`) VALUES (7, 'inventore', '-97.756959', '-78.516526', 33, '2578 Robel Gateway\nCorkeryland, VT 05738-2249', 'Vanuatu', 'Hauckton', '85919', '0.00');
INSERT INTO `listing` (`listingID`, `listingType`, `longitude`, `latitude`, `hosterID`, `address`, `country`, `city`, `postal_code`, `avg_price`) VALUES (8, 'accusamus', '178.020806', '-49.092714', 26, '114 Kessler Parkways\nNew Sincereborough, CA 86936-0973', 'Trinidad and Tobago', 'Alexandriaberg', '10181-5624', '102910.37');
INSERT INTO `listing` (`listingID`, `listingType`, `longitude`, `latitude`, `hosterID`, `address`, `country`, `city`, `postal_code`, `avg_price`) VALUES (9, 'rem', '176.419828', '-6.252031', 34, '93566 Hermiston Junctions\nHageneschester, CA 46825', 'Saint Vincent and the Grenadin', 'Prohaskastad', '18433-9901', '45392.00');
INSERT INTO `listing` (`listingID`, `listingType`, `longitude`, `latitude`, `hosterID`, `address`, `country`, `city`, `postal_code`, `avg_price`) VALUES (10, 'dolor', '-45.712095', '-10.58573', 44, '651 Bethel Mills Suite 429\nHartmanntown, OK 61524', 'Greece', 'Lake Minamouth', '19552', '17.43');
INSERT INTO `listing` (`listingID`, `listingType`, `longitude`, `latitude`, `hosterID`, `address`, `country`, `city`, `postal_code`, `avg_price`) VALUES (11, 'eaque', '161.069288', '88.169516', 37, '3814 Johnston Grove\nDavisville, VT 68537', 'Syrian Arab Republic', 'Lake Oliverville', '12540-3973', '253709.23');
INSERT INTO `listing` (`listingID`, `listingType`, `longitude`, `latitude`, `hosterID`, `address`, `country`, `city`, `postal_code`, `avg_price`) VALUES (12, 'mollitia', '-83.396532', '-71.386496', 28, '82992 Ernser Tunnel Apt. 323\nTremblaystad, DC 55305-6129', 'Iceland', 'Predovicside', '52963-1872', '8305737.17');
INSERT INTO `listing` (`listingID`, `listingType`, `longitude`, `latitude`, `hosterID`, `address`, `country`, `city`, `postal_code`, `avg_price`) VALUES (13, 'qui', '82.983558', '-42.844477', 32, '9869 Johnny Canyon\nArmstronghaven, NJ 98055-5530', 'Iraq', 'East Providencimouth', '84553-7828', '0.00');
INSERT INTO `listing` (`listingID`, `listingType`, `longitude`, `latitude`, `hosterID`, `address`, `country`, `city`, `postal_code`, `avg_price`) VALUES (14, 'eius', '-177.605789', '69.174039', 48, '497 Harris Vista\nNorth Roslyn, IN 06679', 'Germany', 'South Abbigail', '11911', '886.99');
INSERT INTO `listing` (`listingID`, `listingType`, `longitude`, `latitude`, `hosterID`, `address`, `country`, `city`, `postal_code`, `avg_price`) VALUES (15, 'et', '-9.729826', '-59.170094', 35, '71631 Spencer Plains\nMcLaughlinland, IN 45456-7307', 'Georgia', 'Port Dejah', '84048', '28694907.90');
INSERT INTO `listing` (`listingID`, `listingType`, `longitude`, `latitude`, `hosterID`, `address`, `country`, `city`, `postal_code`, `avg_price`) VALUES (16, 'sapiente', '-129.112628', '-57.406712', 31, '122 Upton Club Suite 689\nGerardberg, MT 13248', 'Djibouti', 'East Reagan', '91396-3489', '99999999.99');
INSERT INTO `listing` (`listingID`, `listingType`, `longitude`, `latitude`, `hosterID`, `address`, `country`, `city`, `postal_code`, `avg_price`) VALUES (17, 'aut', '-33.853719', '47.325016', 33, '690 Annamae Dale Suite 859\nNew Adalinefort, PA 30131-7091', 'Burundi', 'Lennyshire', '83028-6263', '70234826.20');
INSERT INTO `listing` (`listingID`, `listingType`, `longitude`, `latitude`, `hosterID`, `address`, `country`, `city`, `postal_code`, `avg_price`) VALUES (18, 'illum', '-27.274757', '-17.056702', 27, '3745 Fiona Courts\nWeberview, NY 38147', 'Sweden', 'South Nikolas', '88441', '0.02');
INSERT INTO `listing` (`listingID`, `listingType`, `longitude`, `latitude`, `hosterID`, `address`, `country`, `city`, `postal_code`, `avg_price`) VALUES (19, 'quaerat', '-146.151741', '6.468359', 30, '3510 Schulist Cliffs Suite 982\nNelsonport, DE 11511-0785', 'Aruba', 'Colleenmouth', '56915-1632', '2771316.00');
INSERT INTO `listing` (`listingID`, `listingType`, `longitude`, `latitude`, `hosterID`, `address`, `country`, `city`, `postal_code`, `avg_price`) VALUES (20, 'accusamus', '-29.479272', '71.080228', 43, '02088 Fay Rapids\nPort Jabari, IA 96983', 'Cook Islands', 'Earnestchester', '25147-1136', '99999999.99');
INSERT INTO `listing` (`listingID`, `listingType`, `longitude`, `latitude`, `hosterID`, `address`, `country`, `city`, `postal_code`, `avg_price`) VALUES (21, 'aut', '163.001198', '-8.26974', 50, '71231 Kiara Circles\nGenovevaville, MO 34774', 'Brunei Darussalam', 'New Floydhaven', '10193', '5289820.49');
INSERT INTO `listing` (`listingID`, `listingType`, `longitude`, `latitude`, `hosterID`, `address`, `country`, `city`, `postal_code`, `avg_price`) VALUES (22, 'molestiae', '-92.502794', '45.946869', 26, '0727 Buckridge Locks Suite 206\nFreidaside, MA 37438', 'Cook Islands', 'New Walter', '01595-0783', '262510.47');
INSERT INTO `listing` (`listingID`, `listingType`, `longitude`, `latitude`, `hosterID`, `address`, `country`, `city`, `postal_code`, `avg_price`) VALUES (23, 'ducimus', '167.29788', '3.377281', 49, '1646 Parisian Divide Suite 864\nAmaraport, ME 84172-5399', 'Albania', 'Rennerfurt', '74357-6048', '0.00');
INSERT INTO `listing` (`listingID`, `listingType`, `longitude`, `latitude`, `hosterID`, `address`, `country`, `city`, `postal_code`, `avg_price`) VALUES (24, 'quia', '1.564733', '-22.840048', 49, '78914 McDermott Place\nHavenland, PA 93013-7283', 'Slovakia (Slovak Republic)', 'Freddieburgh', '61856', '87253.19');
INSERT INTO `listing` (`listingID`, `listingType`, `longitude`, `latitude`, `hosterID`, `address`, `country`, `city`, `postal_code`, `avg_price`) VALUES (25, 'dolor', '177.749462', '57.877544', 48, '76727 Colt Alley Suite 534\nNorth Noemyville, NY 19575', 'Bermuda', 'Strosinside', '00141', '52689559.70');
INSERT INTO `listing` (`listingID`, `listingType`, `longitude`, `latitude`, `hosterID`, `address`, `country`, `city`, `postal_code`, `avg_price`) VALUES (26, 'consequatu', '113.059496', '75.961928', 32, '16876 Borer Rue Apt. 150\nNew Raymundofort, WI 49266', 'South Georgia and the South Sa', 'West Olafview', '30244', '0.00');
INSERT INTO `listing` (`listingID`, `listingType`, `longitude`, `latitude`, `hosterID`, `address`, `country`, `city`, `postal_code`, `avg_price`) VALUES (27, 'aliquid', '-162.912798', '51.310653', 49, '82737 Franecki Junctions Suite 643\nNew Clairechester, NH 17766-6354', 'Belize', 'Huelsbury', '12341-7039', '6031324.36');
INSERT INTO `listing` (`listingID`, `listingType`, `longitude`, `latitude`, `hosterID`, `address`, `country`, `city`, `postal_code`, `avg_price`) VALUES (28, 'ratione', '-59.568691', '-16.828393', 34, '671 Huel Drive\nNorth Alvena, MT 64680-7474', 'Dominican Republic', 'East Ceasar', '46987', '121.21');
INSERT INTO `listing` (`listingID`, `listingType`, `longitude`, `latitude`, `hosterID`, `address`, `country`, `city`, `postal_code`, `avg_price`) VALUES (29, 'ut', '-156.790776', '-5.967315', 43, '600 Velva Fields Suite 260\nPort Emmastad, GA 20889-6774', 'Guadeloupe', 'West Rosaliaport', '47606', '0.49');
INSERT INTO `listing` (`listingID`, `listingType`, `longitude`, `latitude`, `hosterID`, `address`, `country`, `city`, `postal_code`, `avg_price`) VALUES (30, 'nulla', '-15.994334', '-19.873656', 41, '59686 Williamson Hills Suite 225\nAvafurt, SC 72370-9148', 'India', 'Purdyfurt', '81779', '99999999.99');
INSERT INTO `listing` (`listingID`, `listingType`, `longitude`, `latitude`, `hosterID`, `address`, `country`, `city`, `postal_code`, `avg_price`) VALUES (31, 'earum', '-165.399637', '5.557843', 42, '272 Nienow Square\nJedchester, KS 97360-5877', 'Thailand', 'Magnoliahaven', '77073', '7.30');
INSERT INTO `listing` (`listingID`, `listingType`, `longitude`, `latitude`, `hosterID`, `address`, `country`, `city`, `postal_code`, `avg_price`) VALUES (32, 'vero', '-108.09201', '9.027752', 40, '139 Lockman Estates\nDickenstown, TX 33306', 'British Indian Ocean Territory', 'Lynchside', '37063', '7.63');
INSERT INTO `listing` (`listingID`, `listingType`, `longitude`, `latitude`, `hosterID`, `address`, `country`, `city`, `postal_code`, `avg_price`) VALUES (33, 'natus', '98.914693', '-52.034095', 38, '51101 Schroeder Rue\nPort Mikeville, FL 37362', 'Peru', 'Satterfieldmouth', '44108-4424', '1022.01');
INSERT INTO `listing` (`listingID`, `listingType`, `longitude`, `latitude`, `hosterID`, `address`, `country`, `city`, `postal_code`, `avg_price`) VALUES (34, 'voluptas', '-86.921792', '40.298962', 42, '558 Boyle Place\nPort Hilmahaven, MN 12627-9290', 'Niue', 'New Katlyn', '18206-5467', '5501337.03');
INSERT INTO `listing` (`listingID`, `listingType`, `longitude`, `latitude`, `hosterID`, `address`, `country`, `city`, `postal_code`, `avg_price`) VALUES (35, 'molestiae', '-66.664352', '27.97253', 34, '44489 Eddie Passage\nEmiliefort, MN 18246-4471', 'Egypt', 'North Gloriahaven', '03044-9899', '0.00');
INSERT INTO `listing` (`listingID`, `listingType`, `longitude`, `latitude`, `hosterID`, `address`, `country`, `city`, `postal_code`, `avg_price`) VALUES (36, 'fugit', '118.575714', '-20.400003', 43, '32809 Myron Creek Apt. 568\nNicolashaven, ID 30912', 'Lebanon', 'South Darleneville', '01616-7448', '0.00');
INSERT INTO `listing` (`listingID`, `listingType`, `longitude`, `latitude`, `hosterID`, `address`, `country`, `city`, `postal_code`, `avg_price`) VALUES (37, 'similique', '-58.716878', '-47.750094', 49, '1368 Schaefer Walks Suite 303\nYolandabury, PA 49622-1310', 'Bulgaria', 'South Bennett', '07795-9751', '0.35');
INSERT INTO `listing` (`listingID`, `listingType`, `longitude`, `latitude`, `hosterID`, `address`, `country`, `city`, `postal_code`, `avg_price`) VALUES (38, 'ipsa', '167.043192', '59.592423', 28, '411 Aimee Walk\nSouth Jalonton, MT 37641', 'Belize', 'Lake Edward', '87004-7822', '1.84');
INSERT INTO `listing` (`listingID`, `listingType`, `longitude`, `latitude`, `hosterID`, `address`, `country`, `city`, `postal_code`, `avg_price`) VALUES (39, 'autem', '112.671925', '36.008732', 48, '3712 Gaylord Meadows Suite 363\nLaurettaville, AZ 50555', 'Cook Islands', 'Lake Kaelynberg', '00919', '1825582.00');
INSERT INTO `listing` (`listingID`, `listingType`, `longitude`, `latitude`, `hosterID`, `address`, `country`, `city`, `postal_code`, `avg_price`) VALUES (40, 'quasi', '124.31816', '-52.838765', 49, '82726 Altenwerth Inlet\nOsinskichester, WY 77305-2219', 'Bolivia', 'Zulaborough', '51235-8972', '1169.83');
INSERT INTO `listing` (`listingID`, `listingType`, `longitude`, `latitude`, `hosterID`, `address`, `country`, `city`, `postal_code`, `avg_price`) VALUES (41, 'magni', '13.003861', '-82.331557', 39, '864 Willms Shoal Suite 681\nPort Trinity, AR 50584-3081', 'Heard Island and McDonald Isla', 'New Lavada', '75473-7421', '619059.89');
INSERT INTO `listing` (`listingID`, `listingType`, `longitude`, `latitude`, `hosterID`, `address`, `country`, `city`, `postal_code`, `avg_price`) VALUES (42, 'possimus', '-160.142374', '-22.72633', 34, '47885 Shanahan Drives Suite 278\nBoyerfort, NV 38474-5087', 'Saint Barthelemy', 'Leonmouth', '13990-4153', '218841.66');
INSERT INTO `listing` (`listingID`, `listingType`, `longitude`, `latitude`, `hosterID`, `address`, `country`, `city`, `postal_code`, `avg_price`) VALUES (43, 'laborum', '40.011391', '-69.529243', 31, '964 Block Ranch\nKiaraland, AZ 78721', 'Benin', 'West Archibald', '89070-1587', '0.00');
INSERT INTO `listing` (`listingID`, `listingType`, `longitude`, `latitude`, `hosterID`, `address`, `country`, `city`, `postal_code`, `avg_price`) VALUES (44, 'aperiam', '-66.530724', '39.668176', 43, '92962 Noah Valley\nPort Earlenehaven, MA 38421-7882', 'Uzbekistan', 'Cronahaven', '38032', '365342.03');
INSERT INTO `listing` (`listingID`, `listingType`, `longitude`, `latitude`, `hosterID`, `address`, `country`, `city`, `postal_code`, `avg_price`) VALUES (45, 'eos', '157.802363', '29.213096', 40, '803 Wolf Ridge Suite 859\nRosarioton, FL 01055-6698', 'Libyan Arab Jamahiriya', 'New Raul', '64090', '5.80');
INSERT INTO `listing` (`listingID`, `listingType`, `longitude`, `latitude`, `hosterID`, `address`, `country`, `city`, `postal_code`, `avg_price`) VALUES (46, 'cumque', '0.902905', '59.588598', 39, '1654 Fleta Circles\nAmiyaburgh, DE 38660-5224', 'Colombia', 'West Keithstad', '53440-8712', '646.50');
INSERT INTO `listing` (`listingID`, `listingType`, `longitude`, `latitude`, `hosterID`, `address`, `country`, `city`, `postal_code`, `avg_price`) VALUES (47, 'eius', '129.547673', '5.886476', 29, '343 Okuneva Ways\nEast Glenna, OH 00687-4048', 'Slovenia', 'Zackerychester', '80162-2384', '231.54');
INSERT INTO `listing` (`listingID`, `listingType`, `longitude`, `latitude`, `hosterID`, `address`, `country`, `city`, `postal_code`, `avg_price`) VALUES (48, 'quam', '130.815141', '-42.047813', 30, '305 Pamela Ramp Suite 552\nSouth Petraborough, VT 87731-2895', 'Tonga', 'South Eladio', '30742', '1628168.78');
INSERT INTO `listing` (`listingID`, `listingType`, `longitude`, `latitude`, `hosterID`, `address`, `country`, `city`, `postal_code`, `avg_price`) VALUES (49, 'dolore', '82.794484', '-7.603167', 38, '57127 Quigley Rue\nCarterbury, AK 78840', 'Georgia', 'Aydenstad', '26505-1199', '226120.10');
INSERT INTO `listing` (`listingID`, `listingType`, `longitude`, `latitude`, `hosterID`, `address`, `country`, `city`, `postal_code`, `avg_price`) VALUES (50, 'sunt', '-80.862185', '59.438334', 35, '557 Bergstrom Summit\nSouth Merrittfort, CO 43728', 'Central African Republic', 'North Keven', '26597-4824', '0.00');
INSERT INTO `listing` (`listingID`, `listingType`, `longitude`, `latitude`, `hosterID`, `address`, `country`, `city`, `postal_code`, `avg_price`) VALUES (51, 'repudianda', '-26.880847', '-8.933707', 44, '52275 Osinski Cliffs Suite 628\nEast Jaycetown, NE 86283', 'Burundi', 'Johathanshire', '53000-4762', '258.10');
INSERT INTO `listing` (`listingID`, `listingType`, `longitude`, `latitude`, `hosterID`, `address`, `country`, `city`, `postal_code`, `avg_price`) VALUES (52, 'enim', '-74.969898', '24.946621', 37, '0182 Enoch Station\nMelvinport, MN 79263-7306', 'Honduras', 'Port Walker', '47575', '155109.35');
INSERT INTO `listing` (`listingID`, `listingType`, `longitude`, `latitude`, `hosterID`, `address`, `country`, `city`, `postal_code`, `avg_price`) VALUES (53, 'aut', '-91.657439', '-38.480838', 30, '5728 Berge Square\nBorerfurt, MS 85998-6475', 'Niger', 'Olinland', '52247', '2741984.52');
INSERT INTO `listing` (`listingID`, `listingType`, `longitude`, `latitude`, `hosterID`, `address`, `country`, `city`, `postal_code`, `avg_price`) VALUES (54, 'omnis', '20.883183', '20.624613', 36, '875 Hoeger Road Suite 738\nNew Gussiehaven, CT 98103', 'Seychelles', 'Desmondside', '76646-2250', '523.97');
INSERT INTO `listing` (`listingID`, `listingType`, `longitude`, `latitude`, `hosterID`, `address`, `country`, `city`, `postal_code`, `avg_price`) VALUES (55, 'sed', '-38.819967', '75.646054', 38, '41203 Leon Street\nPort Viviane, IA 69602', 'Solomon Islands', 'Norbertburgh', '79851', '3521337.19');
INSERT INTO `listing` (`listingID`, `listingType`, `longitude`, `latitude`, `hosterID`, `address`, `country`, `city`, `postal_code`, `avg_price`) VALUES (56, 'sint', '-101.354581', '42.53775', 50, '8285 Shanie Light\nSouth Alicia, NJ 14013', 'United States of America', 'New Helga', '28076', '22064803.65');
INSERT INTO `listing` (`listingID`, `listingType`, `longitude`, `latitude`, `hosterID`, `address`, `country`, `city`, `postal_code`, `avg_price`) VALUES (57, 'voluptatem', '-34.334662', '32.43927', 44, '96930 Blair Islands Suite 053\nNew Deshaunside, NJ 96938-9242', 'Libyan Arab Jamahiriya', 'Nicotown', '35119-9837', '4.29');
INSERT INTO `listing` (`listingID`, `listingType`, `longitude`, `latitude`, `hosterID`, `address`, `country`, `city`, `postal_code`, `avg_price`) VALUES (58, 'rerum', '67.814952', '-1.722332', 34, '0200 Fisher Courts Suite 464\nLake Brettside, CT 15379-1323', 'Chad', 'Port Hildamouth', '57205', '0.00');
INSERT INTO `listing` (`listingID`, `listingType`, `longitude`, `latitude`, `hosterID`, `address`, `country`, `city`, `postal_code`, `avg_price`) VALUES (59, 'officia', '13.389951', '-43.141757', 46, '54872 Marley Freeway Suite 646\nKemmertown, MS 53394', 'Nigeria', 'Marvinton', '09477-0454', '0.00');
INSERT INTO `listing` (`listingID`, `listingType`, `longitude`, `latitude`, `hosterID`, `address`, `country`, `city`, `postal_code`, `avg_price`) VALUES (60, 'laboriosam', '-110.430371', '-59.707726', 43, '613 Mose Streets Suite 344\nLake Wilhelmburgh, RI 28464', 'Rwanda', 'Aufderharhaven', '18771-2176', '23036034.93');
INSERT INTO `listing` (`listingID`, `listingType`, `longitude`, `latitude`, `hosterID`, `address`, `country`, `city`, `postal_code`, `avg_price`) VALUES (61, 'veritatis', '143.205277', '15.516963', 30, '69891 Beatrice Rue\nMarquardtmouth, SC 84893', 'Nigeria', 'O\'Reillyshire', '12216-5493', '4000736.73');
INSERT INTO `listing` (`listingID`, `listingType`, `longitude`, `latitude`, `hosterID`, `address`, `country`, `city`, `postal_code`, `avg_price`) VALUES (62, 'deleniti', '107.594846', '-57.753584', 36, '25957 Rodrick Burg\nBoscoburgh, WV 53426-5180', 'India', 'Port Noahmouth', '42378-6271', '5577.85');
INSERT INTO `listing` (`listingID`, `listingType`, `longitude`, `latitude`, `hosterID`, `address`, `country`, `city`, `postal_code`, `avg_price`) VALUES (63, 'natus', '-39.465521', '-63.462723', 26, '6102 Klocko Fords\nPort Della, IL 94567', 'Sudan', 'Lorenzville', '93015', '12076.02');
INSERT INTO `listing` (`listingID`, `listingType`, `longitude`, `latitude`, `hosterID`, `address`, `country`, `city`, `postal_code`, `avg_price`) VALUES (64, 'quis', '10.3558', '23.844222', 43, '10400 Bernhard Garden\nLaurynhaven, VA 66217', 'Aruba', 'Wuckertland', '26296', '729.52');
INSERT INTO `listing` (`listingID`, `listingType`, `longitude`, `latitude`, `hosterID`, `address`, `country`, `city`, `postal_code`, `avg_price`) VALUES (65, 'aut', '-113.227001', '-48.123202', 47, '6747 Kutch Fords\nCollinstown, HI 11405-9095', 'Luxembourg', 'Kreigerview', '31915-4860', '129863.41');
INSERT INTO `listing` (`listingID`, `listingType`, `longitude`, `latitude`, `hosterID`, `address`, `country`, `city`, `postal_code`, `avg_price`) VALUES (66, 'possimus', '61.968784', '80.056524', 37, '14725 Virginie Plaza Apt. 730\nNew Kenyonfurt, OH 49390-1425', 'Syrian Arab Republic', 'Nathanielview', '20488-6658', '402966.74');
INSERT INTO `listing` (`listingID`, `listingType`, `longitude`, `latitude`, `hosterID`, `address`, `country`, `city`, `postal_code`, `avg_price`) VALUES (67, 'doloribus', '163.614123', '79.162861', 38, '9133 Emmitt Inlet Suite 176\nSouth Audie, MD 08416-1233', 'Ukraine', 'Gastonmouth', '89134', '0.92');
INSERT INTO `listing` (`listingID`, `listingType`, `longitude`, `latitude`, `hosterID`, `address`, `country`, `city`, `postal_code`, `avg_price`) VALUES (68, 'dignissimo', '-155.746849', '55.109481', 45, '655 Daugherty Park Suite 733\nSedrickborough, VT 42215', 'Hong Kong', 'North Vitostad', '79478', '72327686.41');
INSERT INTO `listing` (`listingID`, `listingType`, `longitude`, `latitude`, `hosterID`, `address`, `country`, `city`, `postal_code`, `avg_price`) VALUES (69, 'tempora', '9.665577', '-45.229733', 39, '28038 Funk Gardens Apt. 724\nSouth Patrick, SC 68348', 'Puerto Rico', 'Thadfurt', '03665-2108', '99999999.99');
INSERT INTO `listing` (`listingID`, `listingType`, `longitude`, `latitude`, `hosterID`, `address`, `country`, `city`, `postal_code`, `avg_price`) VALUES (70, 'voluptas', '-149.174565', '33.657021', 39, '29931 Goldner Mountains Apt. 344\nLake Kay, TN 92953', 'Romania', 'Jacobsonstad', '85125-4411', '2653.36');
INSERT INTO `listing` (`listingID`, `listingType`, `longitude`, `latitude`, `hosterID`, `address`, `country`, `city`, `postal_code`, `avg_price`) VALUES (71, 'voluptates', '119.483413', '73.018837', 50, '69526 Judd Key Suite 935\nBalistreriland, DE 62007', 'Dominica', 'East Coltenland', '09999-2383', '1.60');
INSERT INTO `listing` (`listingID`, `listingType`, `longitude`, `latitude`, `hosterID`, `address`, `country`, `city`, `postal_code`, `avg_price`) VALUES (72, 'sed', '-126.78304', '-30.998189', 50, '36464 Altenwerth Skyway Suite 238\nZakarymouth, MA 76891', 'Cook Islands', 'North Dorothealand', '72623-3192', '27589375.41');
INSERT INTO `listing` (`listingID`, `listingType`, `longitude`, `latitude`, `hosterID`, `address`, `country`, `city`, `postal_code`, `avg_price`) VALUES (73, 'sunt', '-35.529224', '45.987093', 41, '82724 Ross Lake\nKosstown, VA 49850-2682', 'Egypt', 'Willland', '38493', '1107830.56');
INSERT INTO `listing` (`listingID`, `listingType`, `longitude`, `latitude`, `hosterID`, `address`, `country`, `city`, `postal_code`, `avg_price`) VALUES (74, 'natus', '-75.026685', '50.730703', 48, '0926 Hand Meadow\nJaskolskiview, NC 09608', 'Kyrgyz Republic', 'Lucyberg', '38370', '13.14');
INSERT INTO `listing` (`listingID`, `listingType`, `longitude`, `latitude`, `hosterID`, `address`, `country`, `city`, `postal_code`, `avg_price`) VALUES (75, 'deleniti', '-2.141546', '-84.721725', 30, '8423 Adriana Knoll\nWest Dixieberg, MN 74628-8163', 'Algeria', 'Corwinborough', '15598', '25.00');
INSERT INTO `listing` (`listingID`, `listingType`, `longitude`, `latitude`, `hosterID`, `address`, `country`, `city`, `postal_code`, `avg_price`) VALUES (76, 'asperiores', '-109.553972', '82.309355', 36, '692 Cummings Neck\nSouth Cassandraburgh, WY 55257', 'Indonesia', 'Lake Rudystad', '58930-2538', '0.00');
INSERT INTO `listing` (`listingID`, `listingType`, `longitude`, `latitude`, `hosterID`, `address`, `country`, `city`, `postal_code`, `avg_price`) VALUES (77, 'repellat', '-4.454603', '-8.405891', 49, '1531 Robel Forks\nSchmidtville, MI 07314', 'British Indian Ocean Territory', 'New Jermainfort', '00961-6169', '99999999.99');
INSERT INTO `listing` (`listingID`, `listingType`, `longitude`, `latitude`, `hosterID`, `address`, `country`, `city`, `postal_code`, `avg_price`) VALUES (78, 'voluptas', '28.57614', '-29.219628', 39, '121 Virginie Corners Suite 291\nLake Coreneview, NC 82622-4522', 'New Caledonia', 'Grimeschester', '04924', '2.06');
INSERT INTO `listing` (`listingID`, `listingType`, `longitude`, `latitude`, `hosterID`, `address`, `country`, `city`, `postal_code`, `avg_price`) VALUES (79, 'qui', '36.911287', '59.905037', 48, '180 Legros Course\nEast Mckenzieburgh, SC 97246', 'Kazakhstan', 'Robelhaven', '75056', '99999999.99');
INSERT INTO `listing` (`listingID`, `listingType`, `longitude`, `latitude`, `hosterID`, `address`, `country`, `city`, `postal_code`, `avg_price`) VALUES (80, 'totam', '68.201182', '-19.475472', 41, '4517 Beahan Pine Apt. 345\nBrekketon, AZ 98132', 'Venezuela', 'Littelview', '49776', '99999999.99');
INSERT INTO `listing` (`listingID`, `listingType`, `longitude`, `latitude`, `hosterID`, `address`, `country`, `city`, `postal_code`, `avg_price`) VALUES (81, 'sunt', '-100.658223', '75.284399', 36, '6724 Dietrich Springs\nSouth Alizachester, SC 20123-8847', 'Oman', 'West Jillianton', '26916', '514.00');
INSERT INTO `listing` (`listingID`, `listingType`, `longitude`, `latitude`, `hosterID`, `address`, `country`, `city`, `postal_code`, `avg_price`) VALUES (82, 'veritatis', '-37.969875', '70.454138', 47, '480 Laney Keys\nPort Elouisefort, MN 13743-4550', 'Dominica', 'North Drakeshire', '50423-5722', '1.36');
INSERT INTO `listing` (`listingID`, `listingType`, `longitude`, `latitude`, `hosterID`, `address`, `country`, `city`, `postal_code`, `avg_price`) VALUES (83, 'blanditiis', '-105.693215', '48.787622', 30, '76774 Kertzmann Glens Apt. 599\nGoldnerfurt, IA 28228-9611', 'Poland', 'South Jaqueline', '99846-4762', '4909.73');
INSERT INTO `listing` (`listingID`, `listingType`, `longitude`, `latitude`, `hosterID`, `address`, `country`, `city`, `postal_code`, `avg_price`) VALUES (84, 'sequi', '8.297733', '-70.635544', 35, '68344 Abby Camp\nJadonfort, MI 55838-5727', 'Samoa', 'East Maynardchester', '14749', '676.00');
INSERT INTO `listing` (`listingID`, `listingType`, `longitude`, `latitude`, `hosterID`, `address`, `country`, `city`, `postal_code`, `avg_price`) VALUES (85, 'cumque', '105.024362', '-71.404683', 44, '31195 Mattie Plains Apt. 463\nWest Tobin, MS 16051', 'Christmas Island', 'Kuhnburgh', '21579-2380', '10224.83');
INSERT INTO `listing` (`listingID`, `listingType`, `longitude`, `latitude`, `hosterID`, `address`, `country`, `city`, `postal_code`, `avg_price`) VALUES (86, 'nemo', '-24.290766', '-27.512794', 48, '3944 Ryan Prairie\nNew Kolbyborough, IA 43279', 'Eritrea', 'North Halie', '34814-4319', '271086.70');
INSERT INTO `listing` (`listingID`, `listingType`, `longitude`, `latitude`, `hosterID`, `address`, `country`, `city`, `postal_code`, `avg_price`) VALUES (87, 'voluptas', '119.805143', '6.381043', 40, '9297 Ciara Way\nPort Dallastown, WI 04610', 'Ethiopia', 'Connellyland', '57749', '65.60');
INSERT INTO `listing` (`listingID`, `listingType`, `longitude`, `latitude`, `hosterID`, `address`, `country`, `city`, `postal_code`, `avg_price`) VALUES (88, 'dolor', '136.660111', '-13.394372', 31, '208 Lang Manors\nSouth Wardburgh, IL 34797', 'Ukraine', 'Johnstown', '88728-2876', '48836.86');
INSERT INTO `listing` (`listingID`, `listingType`, `longitude`, `latitude`, `hosterID`, `address`, `country`, `city`, `postal_code`, `avg_price`) VALUES (89, 'voluptatum', '164.771851', '6.901332', 45, '127 Price Harbors Apt. 401\nNorth Ryannstad, RI 33838', 'Mauritius', 'Adityamouth', '00846-8513', '0.61');
INSERT INTO `listing` (`listingID`, `listingType`, `longitude`, `latitude`, `hosterID`, `address`, `country`, `city`, `postal_code`, `avg_price`) VALUES (90, 'recusandae', '9.045255', '44.048236', 37, '95212 Cormier Port\nSchusterfurt, CA 50619-2404', 'Saint Lucia', 'Smithamton', '74940', '35494.14');
INSERT INTO `listing` (`listingID`, `listingType`, `longitude`, `latitude`, `hosterID`, `address`, `country`, `city`, `postal_code`, `avg_price`) VALUES (91, 'qui', '-123.886135', '80.686383', 45, '02393 Genevieve Grove Suite 230\nNorth Kellystad, ID 86644-5614', 'Monaco', 'South Loraineton', '35340', '0.00');
INSERT INTO `listing` (`listingID`, `listingType`, `longitude`, `latitude`, `hosterID`, `address`, `country`, `city`, `postal_code`, `avg_price`) VALUES (92, 'omnis', '-168.19485', '6.170912', 45, '4980 Keanu Village Suite 667\nPort Diana, IA 20146-1332', 'Myanmar', 'Jenningsburgh', '21644-9751', '393.42');
INSERT INTO `listing` (`listingID`, `listingType`, `longitude`, `latitude`, `hosterID`, `address`, `country`, `city`, `postal_code`, `avg_price`) VALUES (93, 'nihil', '89.564244', '52.967757', 28, '15714 Luna Plaza\nNorth Vilma, LA 47466', 'French Polynesia', 'New Shea', '66724', '8097.23');
INSERT INTO `listing` (`listingID`, `listingType`, `longitude`, `latitude`, `hosterID`, `address`, `country`, `city`, `postal_code`, `avg_price`) VALUES (94, 'vel', '-152.427615', '6.641634', 50, '015 McLaughlin Branch Suite 845\nAndrewport, AR 62221-5490', 'Timor-Leste', 'East Barbara', '22058', '30447423.10');
INSERT INTO `listing` (`listingID`, `listingType`, `longitude`, `latitude`, `hosterID`, `address`, `country`, `city`, `postal_code`, `avg_price`) VALUES (95, 'voluptatem', '3.624477', '-78.187612', 45, '78648 Deckow Vista\nHebertown, RI 60304', 'Denmark', 'North Victoria', '95903-0321', '1203.10');
INSERT INTO `listing` (`listingID`, `listingType`, `longitude`, `latitude`, `hosterID`, `address`, `country`, `city`, `postal_code`, `avg_price`) VALUES (96, 'non', '46.632311', '30.644143', 26, '1064 Ruecker Knoll\nOrieberg, NJ 09038', 'Angola', 'Bednarmouth', '35669-4567', '448.33');
INSERT INTO `listing` (`listingID`, `listingType`, `longitude`, `latitude`, `hosterID`, `address`, `country`, `city`, `postal_code`, `avg_price`) VALUES (97, 'recusandae', '-134.710371', '77.615769', 46, '398 Jamison Course\nMckennabury, AL 20895-3822', 'Fiji', 'Feestberg', '92883', '24651794.00');
INSERT INTO `listing` (`listingID`, `listingType`, `longitude`, `latitude`, `hosterID`, `address`, `country`, `city`, `postal_code`, `avg_price`) VALUES (98, 'rerum', '117.836601', '10.279475', 45, '0790 Sandy Mount Apt. 953\nLake Catherine, MT 87271-2901', 'Equatorial Guinea', 'Aufderharstad', '55148', '99999999.99');
INSERT INTO `listing` (`listingID`, `listingType`, `longitude`, `latitude`, `hosterID`, `address`, `country`, `city`, `postal_code`, `avg_price`) VALUES (99, 'quidem', '-26.331499', '-10.635819', 42, '25712 Johnson Route\nPort Lilianestad, DC 33191-1443', 'Norway', 'Port Lamar', '20290-5864', '33.41');
INSERT INTO `listing` (`listingID`, `listingType`, `longitude`, `latitude`, `hosterID`, `address`, `country`, `city`, `postal_code`, `avg_price`) VALUES (100, 'aut', '59.981923', '84.854413', 37, '5557 Metz Via\nEast Hillard, ME 69781', 'Vietnam', 'New Eriberto', '87186', '0.00');


INSERT INTO `available` (`availDate`, `price`, `listingID`, `isBooked`) VALUES ('1984-02-23', '4437.40', 1, 1);
INSERT INTO `available` (`availDate`, `price`, `listingID`, `isBooked`) VALUES ('2017-08-04', '181923281.93', 2, 1);
INSERT INTO `available` (`availDate`, `price`, `listingID`, `isBooked`) VALUES ('2020-07-08', '0.00', 3, 1);
INSERT INTO `available` (`availDate`, `price`, `listingID`, `isBooked`) VALUES ('1977-03-01', '0.00', 4, 0);
INSERT INTO `available` (`availDate`, `price`, `listingID`, `isBooked`) VALUES ('1996-02-11', '0.66', 5, 1);
INSERT INTO `available` (`availDate`, `price`, `listingID`, `isBooked`) VALUES ('1988-07-13', '8910391.42', 6, 1);
INSERT INTO `available` (`availDate`, `price`, `listingID`, `isBooked`) VALUES ('2011-01-14', '9.00', 7, 1);
INSERT INTO `available` (`availDate`, `price`, `listingID`, `isBooked`) VALUES ('2012-01-17', '69304.36', 8, 1);
INSERT INTO `available` (`availDate`, `price`, `listingID`, `isBooked`) VALUES ('2016-01-26', '0.00', 9, 0);
INSERT INTO `available` (`availDate`, `price`, `listingID`, `isBooked`) VALUES ('1990-04-22', '969.76', 10, 0);
INSERT INTO `available` (`availDate`, `price`, `listingID`, `isBooked`) VALUES ('1986-09-20', '111026.14', 11, 1);
INSERT INTO `available` (`availDate`, `price`, `listingID`, `isBooked`) VALUES ('1981-01-26', '20138.00', 12, 0);
INSERT INTO `available` (`availDate`, `price`, `listingID`, `isBooked`) VALUES ('1986-10-20', '33.99', 13, 0);
INSERT INTO `available` (`availDate`, `price`, `listingID`, `isBooked`) VALUES ('1974-09-02', '0.91', 14, 1);
INSERT INTO `available` (`availDate`, `price`, `listingID`, `isBooked`) VALUES ('1987-07-01', '0.00', 15, 0);
INSERT INTO `available` (`availDate`, `price`, `listingID`, `isBooked`) VALUES ('1992-08-08', '91645256.56', 16, 1);
INSERT INTO `available` (`availDate`, `price`, `listingID`, `isBooked`) VALUES ('2001-09-10', '571.24', 17, 1);
INSERT INTO `available` (`availDate`, `price`, `listingID`, `isBooked`) VALUES ('1978-05-26', '46696.28', 18, 0);
INSERT INTO `available` (`availDate`, `price`, `listingID`, `isBooked`) VALUES ('2015-03-10', '47.00', 19, 0);
INSERT INTO `available` (`availDate`, `price`, `listingID`, `isBooked`) VALUES ('2006-01-27', '97817.90', 20, 0);
INSERT INTO `available` (`availDate`, `price`, `listingID`, `isBooked`) VALUES ('1984-04-16', '73.58', 21, 1);
INSERT INTO `available` (`availDate`, `price`, `listingID`, `isBooked`) VALUES ('1981-08-19', '39.40', 22, 0);
INSERT INTO `available` (`availDate`, `price`, `listingID`, `isBooked`) VALUES ('1993-03-21', '165959750.36', 23, 0);
INSERT INTO `available` (`availDate`, `price`, `listingID`, `isBooked`) VALUES ('2006-11-10', '0.00', 24, 0);
INSERT INTO `available` (`availDate`, `price`, `listingID`, `isBooked`) VALUES ('1995-06-13', '383674.00', 25, 0);
INSERT INTO `available` (`availDate`, `price`, `listingID`, `isBooked`) VALUES ('2004-01-09', '52205.00', 26, 0);
INSERT INTO `available` (`availDate`, `price`, `listingID`, `isBooked`) VALUES ('1985-09-14', '3.27', 27, 1);
INSERT INTO `available` (`availDate`, `price`, `listingID`, `isBooked`) VALUES ('2012-05-23', '6289580.80', 28, 0);
INSERT INTO `available` (`availDate`, `price`, `listingID`, `isBooked`) VALUES ('1975-12-31', '103601.40', 29, 0);
INSERT INTO `available` (`availDate`, `price`, `listingID`, `isBooked`) VALUES ('2000-06-17', '1678099.00', 30, 1);
INSERT INTO `available` (`availDate`, `price`, `listingID`, `isBooked`) VALUES ('2003-09-25', '9488680.76', 31, 0);
INSERT INTO `available` (`availDate`, `price`, `listingID`, `isBooked`) VALUES ('2017-12-14', '7133.49', 32, 1);
INSERT INTO `available` (`availDate`, `price`, `listingID`, `isBooked`) VALUES ('2014-11-24', '5.25', 33, 1);
INSERT INTO `available` (`availDate`, `price`, `listingID`, `isBooked`) VALUES ('1999-04-06', '2124.40', 34, 1);
INSERT INTO `available` (`availDate`, `price`, `listingID`, `isBooked`) VALUES ('2004-02-12', '1133077.32', 35, 1);
INSERT INTO `available` (`availDate`, `price`, `listingID`, `isBooked`) VALUES ('2001-11-05', '16.93', 36, 0);
INSERT INTO `available` (`availDate`, `price`, `listingID`, `isBooked`) VALUES ('2016-05-18', '108.40', 37, 1);
INSERT INTO `available` (`availDate`, `price`, `listingID`, `isBooked`) VALUES ('1988-07-30', '2630586.81', 38, 1);
INSERT INTO `available` (`availDate`, `price`, `listingID`, `isBooked`) VALUES ('2012-12-16', '0.00', 39, 0);
INSERT INTO `available` (`availDate`, `price`, `listingID`, `isBooked`) VALUES ('1993-01-29', '79005.61', 40, 1);
INSERT INTO `available` (`availDate`, `price`, `listingID`, `isBooked`) VALUES ('2002-12-15', '0.58', 41, 0);
INSERT INTO `available` (`availDate`, `price`, `listingID`, `isBooked`) VALUES ('2007-09-02', '296162149.69', 42, 0);
INSERT INTO `available` (`availDate`, `price`, `listingID`, `isBooked`) VALUES ('1992-07-10', '3.70', 43, 0);
INSERT INTO `available` (`availDate`, `price`, `listingID`, `isBooked`) VALUES ('2006-08-11', '3131.26', 44, 1);
INSERT INTO `available` (`availDate`, `price`, `listingID`, `isBooked`) VALUES ('2008-06-23', '2.50', 45, 0);
INSERT INTO `available` (`availDate`, `price`, `listingID`, `isBooked`) VALUES ('2012-02-29', '0.00', 46, 0);
INSERT INTO `available` (`availDate`, `price`, `listingID`, `isBooked`) VALUES ('1986-08-31', '20730625.68', 47, 0);
INSERT INTO `available` (`availDate`, `price`, `listingID`, `isBooked`) VALUES ('1978-12-12', '18.68', 48, 0);
INSERT INTO `available` (`availDate`, `price`, `listingID`, `isBooked`) VALUES ('2006-02-08', '88.92', 49, 0);
INSERT INTO `available` (`availDate`, `price`, `listingID`, `isBooked`) VALUES ('1980-03-20', '12280477.00', 50, 1);
INSERT INTO `available` (`availDate`, `price`, `listingID`, `isBooked`) VALUES ('1994-12-06', '161827.40', 51, 0);
INSERT INTO `available` (`availDate`, `price`, `listingID`, `isBooked`) VALUES ('1988-08-28', '2861798.77', 52, 0);
INSERT INTO `available` (`availDate`, `price`, `listingID`, `isBooked`) VALUES ('1972-12-03', '0.00', 53, 0);
INSERT INTO `available` (`availDate`, `price`, `listingID`, `isBooked`) VALUES ('1977-02-13', '23178800.70', 54, 1);
INSERT INTO `available` (`availDate`, `price`, `listingID`, `isBooked`) VALUES ('1984-01-17', '50334.00', 55, 1);
INSERT INTO `available` (`availDate`, `price`, `listingID`, `isBooked`) VALUES ('2009-01-06', '2324084.37', 56, 1);
INSERT INTO `available` (`availDate`, `price`, `listingID`, `isBooked`) VALUES ('2012-11-20', '773706.71', 57, 0);
INSERT INTO `available` (`availDate`, `price`, `listingID`, `isBooked`) VALUES ('2020-03-13', '6387.50', 58, 0);
INSERT INTO `available` (`availDate`, `price`, `listingID`, `isBooked`) VALUES ('1998-01-10', '798.70', 59, 1);
INSERT INTO `available` (`availDate`, `price`, `listingID`, `isBooked`) VALUES ('2011-01-14', '16.51', 60, 0);
INSERT INTO `available` (`availDate`, `price`, `listingID`, `isBooked`) VALUES ('1986-07-15', '0.00', 61, 1);
INSERT INTO `available` (`availDate`, `price`, `listingID`, `isBooked`) VALUES ('1986-04-14', '0.00', 62, 0);
INSERT INTO `available` (`availDate`, `price`, `listingID`, `isBooked`) VALUES ('1999-03-16', '1457.99', 63, 1);
INSERT INTO `available` (`availDate`, `price`, `listingID`, `isBooked`) VALUES ('1998-02-21', '292.95', 64, 0);
INSERT INTO `available` (`availDate`, `price`, `listingID`, `isBooked`) VALUES ('1987-09-15', '934.03', 65, 1);
INSERT INTO `available` (`availDate`, `price`, `listingID`, `isBooked`) VALUES ('1976-04-27', '905.70', 66, 0);
INSERT INTO `available` (`availDate`, `price`, `listingID`, `isBooked`) VALUES ('2003-09-26', '23261.82', 67, 1);
INSERT INTO `available` (`availDate`, `price`, `listingID`, `isBooked`) VALUES ('2000-04-25', '533.73', 68, 0);
INSERT INTO `available` (`availDate`, `price`, `listingID`, `isBooked`) VALUES ('2003-09-19', '24.27', 69, 1);
INSERT INTO `available` (`availDate`, `price`, `listingID`, `isBooked`) VALUES ('2019-07-11', '1.89', 70, 0);
INSERT INTO `available` (`availDate`, `price`, `listingID`, `isBooked`) VALUES ('1997-08-02', '4059164.00', 71, 1);
INSERT INTO `available` (`availDate`, `price`, `listingID`, `isBooked`) VALUES ('1989-01-16', '0.00', 72, 0);
INSERT INTO `available` (`availDate`, `price`, `listingID`, `isBooked`) VALUES ('2007-03-06', '464.70', 73, 1);
INSERT INTO `available` (`availDate`, `price`, `listingID`, `isBooked`) VALUES ('1977-01-07', '112948.00', 74, 1);
INSERT INTO `available` (`availDate`, `price`, `listingID`, `isBooked`) VALUES ('2016-06-25', '320383.05', 75, 1);
INSERT INTO `available` (`availDate`, `price`, `listingID`, `isBooked`) VALUES ('1991-12-11', '32650.40', 76, 0);
INSERT INTO `available` (`availDate`, `price`, `listingID`, `isBooked`) VALUES ('1971-10-19', '11224022.35', 77, 0);
INSERT INTO `available` (`availDate`, `price`, `listingID`, `isBooked`) VALUES ('1971-12-03', '3.00', 78, 1);
INSERT INTO `available` (`availDate`, `price`, `listingID`, `isBooked`) VALUES ('2004-04-27', '0.00', 79, 1);
INSERT INTO `available` (`availDate`, `price`, `listingID`, `isBooked`) VALUES ('1982-05-14', '75537.51', 80, 1);
INSERT INTO `available` (`availDate`, `price`, `listingID`, `isBooked`) VALUES ('2009-12-28', '1175478.93', 81, 1);
INSERT INTO `available` (`availDate`, `price`, `listingID`, `isBooked`) VALUES ('2003-11-14', '0.26', 82, 0);
INSERT INTO `available` (`availDate`, `price`, `listingID`, `isBooked`) VALUES ('1984-07-17', '9.68', 83, 0);
INSERT INTO `available` (`availDate`, `price`, `listingID`, `isBooked`) VALUES ('1981-07-19', '2.05', 84, 1);
INSERT INTO `available` (`availDate`, `price`, `listingID`, `isBooked`) VALUES ('2016-04-14', '179.51', 85, 1);
INSERT INTO `available` (`availDate`, `price`, `listingID`, `isBooked`) VALUES ('1983-05-29', '45285143.83', 86, 0);
INSERT INTO `available` (`availDate`, `price`, `listingID`, `isBooked`) VALUES ('2008-08-12', '1.76', 87, 0);
INSERT INTO `available` (`availDate`, `price`, `listingID`, `isBooked`) VALUES ('1996-01-11', '22059556.60', 88, 1);
INSERT INTO `available` (`availDate`, `price`, `listingID`, `isBooked`) VALUES ('2011-08-19', '6.95', 89, 0);
INSERT INTO `available` (`availDate`, `price`, `listingID`, `isBooked`) VALUES ('1980-08-28', '3346.89', 90, 1);
INSERT INTO `available` (`availDate`, `price`, `listingID`, `isBooked`) VALUES ('1983-03-20', '1396.41', 91, 1);
INSERT INTO `available` (`availDate`, `price`, `listingID`, `isBooked`) VALUES ('1986-10-26', '20315947.48', 92, 1);
INSERT INTO `available` (`availDate`, `price`, `listingID`, `isBooked`) VALUES ('2001-06-09', '0.00', 93, 1);
INSERT INTO `available` (`availDate`, `price`, `listingID`, `isBooked`) VALUES ('1972-08-21', '471706.24', 94, 0);
INSERT INTO `available` (`availDate`, `price`, `listingID`, `isBooked`) VALUES ('2014-08-07', '781289793.32', 95, 1);
INSERT INTO `available` (`availDate`, `price`, `listingID`, `isBooked`) VALUES ('2008-09-23', '76.26', 96, 0);
INSERT INTO `available` (`availDate`, `price`, `listingID`, `isBooked`) VALUES ('1980-05-03', '530717635.70', 97, 1);
INSERT INTO `available` (`availDate`, `price`, `listingID`, `isBooked`) VALUES ('2009-09-13', '546618412.67', 98, 1);
INSERT INTO `available` (`availDate`, `price`, `listingID`, `isBooked`) VALUES ('1995-02-28', '0.17', 99, 0);
INSERT INTO `available` (`availDate`, `price`, `listingID`, `isBooked`) VALUES ('2011-05-09', '4.50', 100, 1);






INSERT INTO `bookings` (`bookingID`, `hostID`, `renterID`, `listingID`, `isCanceled`, `isHistory`, `fromDate`, `toDate`) VALUES (1, 47, 14, 1, 0, 0, '1971-10-19', '2015-03-24');
INSERT INTO `bookings` (`bookingID`, `hostID`, `renterID`, `listingID`, `isCanceled`, `isHistory`, `fromDate`, `toDate`) VALUES (2, 32, 22, 2, 0, 1, '1971-12-03', '1981-08-15');
INSERT INTO `bookings` (`bookingID`, `hostID`, `renterID`, `listingID`, `isCanceled`, `isHistory`, `fromDate`, `toDate`) VALUES (3, 47, 14, 3, 0, 1, '1972-08-21', '2005-03-17');
INSERT INTO `bookings` (`bookingID`, `hostID`, `renterID`, `listingID`, `isCanceled`, `isHistory`, `fromDate`, `toDate`) VALUES (4, 42, 7, 4, 0, 0, '1972-12-03', '1995-05-13');
INSERT INTO `bookings` (`bookingID`, `hostID`, `renterID`, `listingID`, `isCanceled`, `isHistory`, `fromDate`, `toDate`) VALUES (5, 37, 7, 5, 0, 1, '1974-09-02', '1984-07-15');
INSERT INTO `bookings` (`bookingID`, `hostID`, `renterID`, `listingID`, `isCanceled`, `isHistory`, `fromDate`, `toDate`) VALUES (6, 31, 21, 6, 0, 1, '1975-12-31', '2007-09-05');
INSERT INTO `bookings` (`bookingID`, `hostID`, `renterID`, `listingID`, `isCanceled`, `isHistory`, `fromDate`, `toDate`) VALUES (7, 38, 22, 7, 0, 0, '1976-04-27', '1985-11-24');
INSERT INTO `bookings` (`bookingID`, `hostID`, `renterID`, `listingID`, `isCanceled`, `isHistory`, `fromDate`, `toDate`) VALUES (8, 35, 7, 8, 0, 1, '1977-01-07', '1976-05-24');
INSERT INTO `bookings` (`bookingID`, `hostID`, `renterID`, `listingID`, `isCanceled`, `isHistory`, `fromDate`, `toDate`) VALUES (9, 45, 14, 9, 0, 0, '1977-02-13', '1998-09-02');
INSERT INTO `bookings` (`bookingID`, `hostID`, `renterID`, `listingID`, `isCanceled`, `isHistory`, `fromDate`, `toDate`) VALUES (10, 40, 2, 10, 0, 1, '1977-03-01', '2004-05-19');
INSERT INTO `bookings` (`bookingID`, `hostID`, `renterID`, `listingID`, `isCanceled`, `isHistory`, `fromDate`, `toDate`) VALUES (11, 27, 10, 11, 0, 1, '1978-05-26', '2010-04-30');
INSERT INTO `bookings` (`bookingID`, `hostID`, `renterID`, `listingID`, `isCanceled`, `isHistory`, `fromDate`, `toDate`) VALUES (12, 33, 25, 12, 0, 0, '1978-12-12', '1998-06-21');
INSERT INTO `bookings` (`bookingID`, `hostID`, `renterID`, `listingID`, `isCanceled`, `isHistory`, `fromDate`, `toDate`) VALUES (13, 33, 15, 13, 0, 1, '1980-03-20', '2016-05-11');
INSERT INTO `bookings` (`bookingID`, `hostID`, `renterID`, `listingID`, `isCanceled`, `isHistory`, `fromDate`, `toDate`) VALUES (14, 35, 17, 14, 0, 0, '1980-05-03', '2008-11-05');
INSERT INTO `bookings` (`bookingID`, `hostID`, `renterID`, `listingID`, `isCanceled`, `isHistory`, `fromDate`, `toDate`) VALUES (15, 34, 16, 15, 0, 0, '1980-08-28', '1996-09-05');
INSERT INTO `bookings` (`bookingID`, `hostID`, `renterID`, `listingID`, `isCanceled`, `isHistory`, `fromDate`, `toDate`) VALUES (16, 45, 5, 16, 0, 1, '1981-01-26', '1988-07-19');
INSERT INTO `bookings` (`bookingID`, `hostID`, `renterID`, `listingID`, `isCanceled`, `isHistory`, `fromDate`, `toDate`) VALUES (17, 28, 12, 17, 0, 1, '1981-07-19', '2004-09-14');
INSERT INTO `bookings` (`bookingID`, `hostID`, `renterID`, `listingID`, `isCanceled`, `isHistory`, `fromDate`, `toDate`) VALUES (18, 27, 1, 18, 0, 1, '1981-08-19', '1971-10-26');
INSERT INTO `bookings` (`bookingID`, `hostID`, `renterID`, `listingID`, `isCanceled`, `isHistory`, `fromDate`, `toDate`) VALUES (19, 41, 19, 19, 0, 1, '1982-05-14', '2000-04-21');
INSERT INTO `bookings` (`bookingID`, `hostID`, `renterID`, `listingID`, `isCanceled`, `isHistory`, `fromDate`, `toDate`) VALUES (20, 38, 15, 20, 0, 1, '1983-03-20', '1980-08-14');
INSERT INTO `bookings` (`bookingID`, `hostID`, `renterID`, `listingID`, `isCanceled`, `isHistory`, `fromDate`, `toDate`) VALUES (21, 46, 11, 21, 0, 0, '1983-05-29', '2012-12-28');
INSERT INTO `bookings` (`bookingID`, `hostID`, `renterID`, `listingID`, `isCanceled`, `isHistory`, `fromDate`, `toDate`) VALUES (22, 28, 6, 22, 0, 1, '1984-01-17', '2014-12-18');
INSERT INTO `bookings` (`bookingID`, `hostID`, `renterID`, `listingID`, `isCanceled`, `isHistory`, `fromDate`, `toDate`) VALUES (23, 39, 11, 23, 0, 1, '1984-02-23', '2009-05-22');
INSERT INTO `bookings` (`bookingID`, `hostID`, `renterID`, `listingID`, `isCanceled`, `isHistory`, `fromDate`, `toDate`) VALUES (24, 47, 8, 24, 0, 1, '1984-04-16', '1992-03-22');
INSERT INTO `bookings` (`bookingID`, `hostID`, `renterID`, `listingID`, `isCanceled`, `isHistory`, `fromDate`, `toDate`) VALUES (25, 41, 15, 25, 0, 1, '1984-07-17', '1974-03-24');
INSERT INTO `bookings` (`bookingID`, `hostID`, `renterID`, `listingID`, `isCanceled`, `isHistory`, `fromDate`, `toDate`) VALUES (26, 49, 24, 26, 0, 0, '1985-09-14', '1990-04-07');
INSERT INTO `bookings` (`bookingID`, `hostID`, `renterID`, `listingID`, `isCanceled`, `isHistory`, `fromDate`, `toDate`) VALUES (27, 40, 11, 27, 0, 1, '1986-04-14', '2016-09-01');
INSERT INTO `bookings` (`bookingID`, `hostID`, `renterID`, `listingID`, `isCanceled`, `isHistory`, `fromDate`, `toDate`) VALUES (28, 41, 15, 28, 0, 1, '1986-07-15', '2018-03-06');
INSERT INTO `bookings` (`bookingID`, `hostID`, `renterID`, `listingID`, `isCanceled`, `isHistory`, `fromDate`, `toDate`) VALUES (29, 43, 19, 29, 0, 0, '1986-08-31', '1990-05-10');
INSERT INTO `bookings` (`bookingID`, `hostID`, `renterID`, `listingID`, `isCanceled`, `isHistory`, `fromDate`, `toDate`) VALUES (30, 27, 20, 30, 0, 1, '1986-09-20', '1977-12-30');
INSERT INTO `bookings` (`bookingID`, `hostID`, `renterID`, `listingID`, `isCanceled`, `isHistory`, `fromDate`, `toDate`) VALUES (31, 40, 7, 31, 0, 1, '1986-10-20', '2015-02-17');
INSERT INTO `bookings` (`bookingID`, `hostID`, `renterID`, `listingID`, `isCanceled`, `isHistory`, `fromDate`, `toDate`) VALUES (32, 44, 10, 32, 0, 1, '1986-10-26', '1976-04-12');
INSERT INTO `bookings` (`bookingID`, `hostID`, `renterID`, `listingID`, `isCanceled`, `isHistory`, `fromDate`, `toDate`) VALUES (33, 42, 10, 33, 0, 1, '1987-07-01', '1980-09-04');
INSERT INTO `bookings` (`bookingID`, `hostID`, `renterID`, `listingID`, `isCanceled`, `isHistory`, `fromDate`, `toDate`) VALUES (34, 40, 20, 34, 0, 1, '1987-09-15', '1979-02-02');
INSERT INTO `bookings` (`bookingID`, `hostID`, `renterID`, `listingID`, `isCanceled`, `isHistory`, `fromDate`, `toDate`) VALUES (35, 46, 2, 35, 0, 1, '1988-07-13', '2016-08-19');
INSERT INTO `bookings` (`bookingID`, `hostID`, `renterID`, `listingID`, `isCanceled`, `isHistory`, `fromDate`, `toDate`) VALUES (36, 49, 11, 36, 0, 0, '1988-07-30', '2015-03-12');
INSERT INTO `bookings` (`bookingID`, `hostID`, `renterID`, `listingID`, `isCanceled`, `isHistory`, `fromDate`, `toDate`) VALUES (37, 48, 12, 37, 0, 1, '1988-08-28', '1978-09-10');
INSERT INTO `bookings` (`bookingID`, `hostID`, `renterID`, `listingID`, `isCanceled`, `isHistory`, `fromDate`, `toDate`) VALUES (38, 48, 7, 38, 0, 0, '1989-01-16', '2013-01-02');
INSERT INTO `bookings` (`bookingID`, `hostID`, `renterID`, `listingID`, `isCanceled`, `isHistory`, `fromDate`, `toDate`) VALUES (39, 32, 23, 39, 0, 1, '1990-04-22', '1971-10-29');
INSERT INTO `bookings` (`bookingID`, `hostID`, `renterID`, `listingID`, `isCanceled`, `isHistory`, `fromDate`, `toDate`) VALUES (40, 38, 16, 40, 0, 1, '1991-12-11', '1971-04-04');
INSERT INTO `bookings` (`bookingID`, `hostID`, `renterID`, `listingID`, `isCanceled`, `isHistory`, `fromDate`, `toDate`) VALUES (41, 33, 10, 41, 0, 1, '1992-07-10', '1990-11-10');
INSERT INTO `bookings` (`bookingID`, `hostID`, `renterID`, `listingID`, `isCanceled`, `isHistory`, `fromDate`, `toDate`) VALUES (42, 45, 13, 42, 0, 0, '1992-08-08', '2018-06-03');
INSERT INTO `bookings` (`bookingID`, `hostID`, `renterID`, `listingID`, `isCanceled`, `isHistory`, `fromDate`, `toDate`) VALUES (43, 27, 15, 43, 0, 1, '1993-01-29', '2019-05-19');
INSERT INTO `bookings` (`bookingID`, `hostID`, `renterID`, `listingID`, `isCanceled`, `isHistory`, `fromDate`, `toDate`) VALUES (44, 27, 25, 44, 0, 0, '1993-03-21', '2010-01-22');
INSERT INTO `bookings` (`bookingID`, `hostID`, `renterID`, `listingID`, `isCanceled`, `isHistory`, `fromDate`, `toDate`) VALUES (45, 40, 7, 45, 0, 0, '1994-12-06', '1971-10-27');
INSERT INTO `bookings` (`bookingID`, `hostID`, `renterID`, `listingID`, `isCanceled`, `isHistory`, `fromDate`, `toDate`) VALUES (46, 43, 3, 46, 0, 1, '1995-02-28', '2011-08-11');
INSERT INTO `bookings` (`bookingID`, `hostID`, `renterID`, `listingID`, `isCanceled`, `isHistory`, `fromDate`, `toDate`) VALUES (47, 31, 7, 47, 0, 1, '1995-06-13', '1992-03-22');
INSERT INTO `bookings` (`bookingID`, `hostID`, `renterID`, `listingID`, `isCanceled`, `isHistory`, `fromDate`, `toDate`) VALUES (48, 35, 7, 48, 0, 1, '1996-01-11', '1988-02-29');
INSERT INTO `bookings` (`bookingID`, `hostID`, `renterID`, `listingID`, `isCanceled`, `isHistory`, `fromDate`, `toDate`) VALUES (49, 44, 1, 49, 0, 1, '1996-02-11', '1975-07-05');
INSERT INTO `bookings` (`bookingID`, `hostID`, `renterID`, `listingID`, `isCanceled`, `isHistory`, `fromDate`, `toDate`) VALUES (50, 44, 21, 50, 0, 0, '1997-08-02', '1981-05-29');
INSERT INTO `bookings` (`bookingID`, `hostID`, `renterID`, `listingID`, `isCanceled`, `isHistory`, `fromDate`, `toDate`) VALUES (51, 31, 22, 51, 0, 0, '1998-01-10', '1986-07-28');
INSERT INTO `bookings` (`bookingID`, `hostID`, `renterID`, `listingID`, `isCanceled`, `isHistory`, `fromDate`, `toDate`) VALUES (52, 37, 1, 52, 0, 0, '1998-02-21', '1997-03-08');
INSERT INTO `bookings` (`bookingID`, `hostID`, `renterID`, `listingID`, `isCanceled`, `isHistory`, `fromDate`, `toDate`) VALUES (53, 49, 15, 53, 0, 1, '1999-03-16', '2014-05-21');
INSERT INTO `bookings` (`bookingID`, `hostID`, `renterID`, `listingID`, `isCanceled`, `isHistory`, `fromDate`, `toDate`) VALUES (54, 42, 5, 54, 0, 0, '1999-04-06', '1998-02-21');
INSERT INTO `bookings` (`bookingID`, `hostID`, `renterID`, `listingID`, `isCanceled`, `isHistory`, `fromDate`, `toDate`) VALUES (55, 43, 10, 55, 0, 1, '2000-04-25', '1977-08-25');
INSERT INTO `bookings` (`bookingID`, `hostID`, `renterID`, `listingID`, `isCanceled`, `isHistory`, `fromDate`, `toDate`) VALUES (56, 29, 5, 56, 0, 0, '2000-06-17', '2008-03-24');
INSERT INTO `bookings` (`bookingID`, `hostID`, `renterID`, `listingID`, `isCanceled`, `isHistory`, `fromDate`, `toDate`) VALUES (57, 42, 9, 57, 0, 0, '2001-06-09', '1972-11-03');
INSERT INTO `bookings` (`bookingID`, `hostID`, `renterID`, `listingID`, `isCanceled`, `isHistory`, `fromDate`, `toDate`) VALUES (58, 38, 11, 58, 0, 1, '2001-09-10', '2006-04-01');
INSERT INTO `bookings` (`bookingID`, `hostID`, `renterID`, `listingID`, `isCanceled`, `isHistory`, `fromDate`, `toDate`) VALUES (59, 42, 20, 59, 0, 1, '2001-11-05', '1989-08-10');
INSERT INTO `bookings` (`bookingID`, `hostID`, `renterID`, `listingID`, `isCanceled`, `isHistory`, `fromDate`, `toDate`) VALUES (60, 33, 1, 60, 0, 0, '2002-12-15', '2012-02-13');
INSERT INTO `bookings` (`bookingID`, `hostID`, `renterID`, `listingID`, `isCanceled`, `isHistory`, `fromDate`, `toDate`) VALUES (61, 41, 23, 61, 0, 0, '2003-09-19', '1998-08-06');
INSERT INTO `bookings` (`bookingID`, `hostID`, `renterID`, `listingID`, `isCanceled`, `isHistory`, `fromDate`, `toDate`) VALUES (62, 50, 4, 62, 0, 1, '2003-09-25', '2011-05-23');
INSERT INTO `bookings` (`bookingID`, `hostID`, `renterID`, `listingID`, `isCanceled`, `isHistory`, `fromDate`, `toDate`) VALUES (63, 46, 22, 63, 0, 1, '2003-09-26', '1971-05-02');
INSERT INTO `bookings` (`bookingID`, `hostID`, `renterID`, `listingID`, `isCanceled`, `isHistory`, `fromDate`, `toDate`) VALUES (64, 31, 3, 64, 0, 1, '2003-11-14', '1990-09-06');
INSERT INTO `bookings` (`bookingID`, `hostID`, `renterID`, `listingID`, `isCanceled`, `isHistory`, `fromDate`, `toDate`) VALUES (65, 36, 11, 65, 0, 0, '2004-01-09', '1989-06-22');
INSERT INTO `bookings` (`bookingID`, `hostID`, `renterID`, `listingID`, `isCanceled`, `isHistory`, `fromDate`, `toDate`) VALUES (66, 38, 13, 66, 0, 1, '2004-02-12', '1992-02-23');
INSERT INTO `bookings` (`bookingID`, `hostID`, `renterID`, `listingID`, `isCanceled`, `isHistory`, `fromDate`, `toDate`) VALUES (67, 50, 14, 67, 0, 1, '2004-04-27', '2004-06-11');
INSERT INTO `bookings` (`bookingID`, `hostID`, `renterID`, `listingID`, `isCanceled`, `isHistory`, `fromDate`, `toDate`) VALUES (68, 50, 14, 68, 0, 0, '2006-01-27', '2012-09-04');
INSERT INTO `bookings` (`bookingID`, `hostID`, `renterID`, `listingID`, `isCanceled`, `isHistory`, `fromDate`, `toDate`) VALUES (69, 48, 24, 69, 0, 0, '2006-02-08', '1989-07-16');
INSERT INTO `bookings` (`bookingID`, `hostID`, `renterID`, `listingID`, `isCanceled`, `isHistory`, `fromDate`, `toDate`) VALUES (70, 33, 7, 70, 0, 1, '2006-08-11', '1982-06-20');
INSERT INTO `bookings` (`bookingID`, `hostID`, `renterID`, `listingID`, `isCanceled`, `isHistory`, `fromDate`, `toDate`) VALUES (71, 45, 3, 71, 0, 0, '2006-11-10', '1977-09-17');
INSERT INTO `bookings` (`bookingID`, `hostID`, `renterID`, `listingID`, `isCanceled`, `isHistory`, `fromDate`, `toDate`) VALUES (72, 46, 1, 72, 0, 1, '2007-03-06', '2015-10-06');
INSERT INTO `bookings` (`bookingID`, `hostID`, `renterID`, `listingID`, `isCanceled`, `isHistory`, `fromDate`, `toDate`) VALUES (73, 44, 5, 73, 0, 1, '2007-09-02', '1989-03-05');
INSERT INTO `bookings` (`bookingID`, `hostID`, `renterID`, `listingID`, `isCanceled`, `isHistory`, `fromDate`, `toDate`) VALUES (74, 47, 9, 74, 0, 0, '2008-06-23', '2007-11-03');
INSERT INTO `bookings` (`bookingID`, `hostID`, `renterID`, `listingID`, `isCanceled`, `isHistory`, `fromDate`, `toDate`) VALUES (75, 29, 14, 75, 0, 1, '2008-08-12', '2015-02-07');
INSERT INTO `bookings` (`bookingID`, `hostID`, `renterID`, `listingID`, `isCanceled`, `isHistory`, `fromDate`, `toDate`) VALUES (76, 42, 17, 76, 0, 1, '2008-09-23', '1994-08-14');
INSERT INTO `bookings` (`bookingID`, `hostID`, `renterID`, `listingID`, `isCanceled`, `isHistory`, `fromDate`, `toDate`) VALUES (77, 34, 21, 77, 0, 0, '2009-01-06', '1996-03-04');
INSERT INTO `bookings` (`bookingID`, `hostID`, `renterID`, `listingID`, `isCanceled`, `isHistory`, `fromDate`, `toDate`) VALUES (78, 41, 8, 78, 0, 0, '2009-09-13', '1971-12-20');
INSERT INTO `bookings` (`bookingID`, `hostID`, `renterID`, `listingID`, `isCanceled`, `isHistory`, `fromDate`, `toDate`) VALUES (79, 49, 14, 79, 0, 1, '2009-12-28', '2018-01-14');
INSERT INTO `bookings` (`bookingID`, `hostID`, `renterID`, `listingID`, `isCanceled`, `isHistory`, `fromDate`, `toDate`) VALUES (80, 33, 13, 80, 0, 0, '2011-01-14', '1978-12-04');
INSERT INTO `bookings` (`bookingID`, `hostID`, `renterID`, `listingID`, `isCanceled`, `isHistory`, `fromDate`, `toDate`) VALUES (81, 41, 13, 81, 0, 0, '2011-01-14', '2018-11-01');
INSERT INTO `bookings` (`bookingID`, `hostID`, `renterID`, `listingID`, `isCanceled`, `isHistory`, `fromDate`, `toDate`) VALUES (82, 32, 19, 82, 0, 1, '2011-05-09', '1991-09-07');
INSERT INTO `bookings` (`bookingID`, `hostID`, `renterID`, `listingID`, `isCanceled`, `isHistory`, `fromDate`, `toDate`) VALUES (83, 39, 7, 83, 0, 0, '2011-08-19', '2010-04-07');
INSERT INTO `bookings` (`bookingID`, `hostID`, `renterID`, `listingID`, `isCanceled`, `isHistory`, `fromDate`, `toDate`) VALUES (84, 30, 6, 84, 0, 0, '2012-01-17', '2016-04-23');
INSERT INTO `bookings` (`bookingID`, `hostID`, `renterID`, `listingID`, `isCanceled`, `isHistory`, `fromDate`, `toDate`) VALUES (85, 48, 8, 85, 0, 0, '2012-02-29', '2008-09-27');
INSERT INTO `bookings` (`bookingID`, `hostID`, `renterID`, `listingID`, `isCanceled`, `isHistory`, `fromDate`, `toDate`) VALUES (86, 32, 19, 86, 0, 0, '2012-05-23', '1977-11-18');
INSERT INTO `bookings` (`bookingID`, `hostID`, `renterID`, `listingID`, `isCanceled`, `isHistory`, `fromDate`, `toDate`) VALUES (87, 43, 24, 87, 0, 1, '2012-11-20', '1983-07-27');
INSERT INTO `bookings` (`bookingID`, `hostID`, `renterID`, `listingID`, `isCanceled`, `isHistory`, `fromDate`, `toDate`) VALUES (88, 27, 23, 88, 0, 0, '2012-12-16', '1978-04-21');
INSERT INTO `bookings` (`bookingID`, `hostID`, `renterID`, `listingID`, `isCanceled`, `isHistory`, `fromDate`, `toDate`) VALUES (89, 27, 3, 89, 0, 0, '2014-08-07', '1972-01-11');
INSERT INTO `bookings` (`bookingID`, `hostID`, `renterID`, `listingID`, `isCanceled`, `isHistory`, `fromDate`, `toDate`) VALUES (90, 42, 7, 90, 0, 0, '2014-11-24', '1996-11-29');
INSERT INTO `bookings` (`bookingID`, `hostID`, `renterID`, `listingID`, `isCanceled`, `isHistory`, `fromDate`, `toDate`) VALUES (91, 39, 4, 91, 0, 0, '2015-03-10', '1987-04-10');
INSERT INTO `bookings` (`bookingID`, `hostID`, `renterID`, `listingID`, `isCanceled`, `isHistory`, `fromDate`, `toDate`) VALUES (92, 38, 12, 92, 0, 0, '2016-01-26', '1987-05-04');
INSERT INTO `bookings` (`bookingID`, `hostID`, `renterID`, `listingID`, `isCanceled`, `isHistory`, `fromDate`, `toDate`) VALUES (93, 44, 16, 93, 0, 0, '2016-04-14', '2005-02-06');
INSERT INTO `bookings` (`bookingID`, `hostID`, `renterID`, `listingID`, `isCanceled`, `isHistory`, `fromDate`, `toDate`) VALUES (94, 41, 12, 94, 0, 0, '2016-05-18', '1977-04-02');
INSERT INTO `bookings` (`bookingID`, `hostID`, `renterID`, `listingID`, `isCanceled`, `isHistory`, `fromDate`, `toDate`) VALUES (95, 28, 4, 95, 0, 1, '2016-06-25', '2006-09-10');
INSERT INTO `bookings` (`bookingID`, `hostID`, `renterID`, `listingID`, `isCanceled`, `isHistory`, `fromDate`, `toDate`) VALUES (96, 47, 4, 96, 0, 0, '2017-08-04', '1975-03-18');
INSERT INTO `bookings` (`bookingID`, `hostID`, `renterID`, `listingID`, `isCanceled`, `isHistory`, `fromDate`, `toDate`) VALUES (97, 46, 16, 97, 0, 0, '2017-12-14', '1984-07-23');
INSERT INTO `bookings` (`bookingID`, `hostID`, `renterID`, `listingID`, `isCanceled`, `isHistory`, `fromDate`, `toDate`) VALUES (98, 38, 11, 98, 0, 1, '2019-07-11', '1984-06-24');
INSERT INTO `bookings` (`bookingID`, `hostID`, `renterID`, `listingID`, `isCanceled`, `isHistory`, `fromDate`, `toDate`) VALUES (99, 29, 12, 99, 0, 1, '2020-03-13', '1991-01-11');
INSERT INTO `bookings` (`bookingID`, `hostID`, `renterID`, `listingID`, `isCanceled`, `isHistory`, `fromDate`, `toDate`) VALUES (100, 45, 14, 100, 0, 0, '2020-07-08', '2000-07-10');








INSERT INTO `listingReviews` (`listingReviewID`, `renterID`, `bookingID`, `listingID`, `hosterID`, `listingComment`, `listingRating`, `hostRating`, `hosterComment`) VALUES (1, 6, 1, 91, 42, 'Aut qui aspernatur nulla esse. Necessitatibus ducimus ut laudantium enim quis quo quo. Eveniet accusamus hic voluptatem soluta dolorum corporis.', 5, 0, 'Explicabo voluptas modi aspernatur reiciendis autem id. Cum ratione tempora nam eos quisquam. Harum ullam voluptates velit ipsa aperiam. Aut ut architecto id laudantium molestias est qui.');
INSERT INTO `listingReviews` (`listingReviewID`, `renterID`, `bookingID`, `listingID`, `hosterID`, `listingComment`, `listingRating`, `hostRating`, `hosterComment`) VALUES (2, 25, 2, 58, 45, 'Tempore rerum cum qui esse eveniet qui et maxime. Aliquam velit aut reiciendis et rerum. Repellendus minus nisi veritatis voluptatibus.', 1, 1, 'Sed quod sapiente fugiat sunt officia aliquam optio molestiae. Quas est sit ut velit repellat sunt aut. Corporis et odio officiis doloremque quia. Et tempora nihil assumenda. Illo et debitis quia.');
INSERT INTO `listingReviews` (`listingReviewID`, `renterID`, `bookingID`, `listingID`, `hosterID`, `listingComment`, `listingRating`, `hostRating`, `hosterComment`) VALUES (3, 18, 3, 12, 40, 'Aliquam voluptatem quisquam fugit in vitae dolorem quasi. Aut quia ipsum eos veritatis unde sed. Ducimus cum id unde reiciendis. Ut numquam velit eligendi ut voluptas.', 3, 2, 'Alias et laudantium doloremque corrupti. Voluptas architecto quia et velit.');
INSERT INTO `listingReviews` (`listingReviewID`, `renterID`, `bookingID`, `listingID`, `hosterID`, `listingComment`, `listingRating`, `hostRating`, `hosterComment`) VALUES (4, 25, 4, 48, 41, 'Ducimus dolor beatae nobis odio occaecati aut recusandae aliquid. Aliquid dolorum voluptatem esse voluptas. Ad ut architecto fuga et aut molestias.', 3, 4, 'Quia neque laborum nesciunt sed fugiat voluptates non. Id delectus ut dolore tenetur. Iste delectus dolores vel est et tenetur.');
INSERT INTO `listingReviews` (`listingReviewID`, `renterID`, `bookingID`, `listingID`, `hosterID`, `listingComment`, `listingRating`, `hostRating`, `hosterComment`) VALUES (5, 24, 5, 64, 32, 'Ad perspiciatis veniam sit fuga occaecati. Veniam sint nulla quasi adipisci qui et amet. Magni autem consectetur eum soluta. Corporis aperiam ducimus libero non ea numquam sit veniam.', 4, 4, 'Voluptates itaque magnam ut. Eligendi sed soluta odit quisquam quia eaque sed. Recusandae ut unde quas illo. Suscipit odio omnis doloremque quos quis autem.');
INSERT INTO `listingReviews` (`listingReviewID`, `renterID`, `bookingID`, `listingID`, `hosterID`, `listingComment`, `listingRating`, `hostRating`, `hosterComment`) VALUES (6, 18, 6, 82, 26, 'Libero sint incidunt ut quae. Aspernatur dicta tempore est minima. Voluptas quod in quo nobis ut tempora ullam.', 0, 5, 'Voluptatum voluptates possimus sapiente consequatur veniam voluptates maxime quam. Veniam qui quo et error. Rerum fuga at deleniti quod.');
INSERT INTO `listingReviews` (`listingReviewID`, `renterID`, `bookingID`, `listingID`, `hosterID`, `listingComment`, `listingRating`, `hostRating`, `hosterComment`) VALUES (7, 10, 7, 63, 32, 'Dolorum accusantium ullam veritatis iste adipisci voluptas aut. Unde facilis dolorem omnis earum voluptatibus numquam voluptas. Natus et voluptatem aliquam aut voluptas a mollitia asperiores.', 2, 3, 'Incidunt ea illum quae omnis. Quas assumenda culpa impedit deleniti minima dolorem qui. Saepe consequatur placeat quo molestiae a et doloremque. Et perspiciatis excepturi exercitationem qui eum.');
INSERT INTO `listingReviews` (`listingReviewID`, `renterID`, `bookingID`, `listingID`, `hosterID`, `listingComment`, `listingRating`, `hostRating`, `hosterComment`) VALUES (8, 23, 8, 76, 31, 'Molestiae et autem voluptatem laudantium consequatur. Aut quia architecto voluptate rerum et atque.', 1, 3, 'Molestias dolorum voluptas assumenda voluptas enim nulla commodi. Numquam perspiciatis quo deserunt nemo est est dicta. Repudiandae cupiditate sint voluptatem voluptas.');
INSERT INTO `listingReviews` (`listingReviewID`, `renterID`, `bookingID`, `listingID`, `hosterID`, `listingComment`, `listingRating`, `hostRating`, `hosterComment`) VALUES (9, 15, 9, 24, 49, 'Ipsa repellat est facilis totam velit sunt. Omnis et sint aspernatur ut voluptatum magnam quas quo. Nulla magni magni nisi quas rem qui itaque.', 3, 0, 'Tempora iste voluptas incidunt tenetur et. Aspernatur fuga commodi laborum. Assumenda corporis minima laborum quam et accusamus. Nisi neque id velit voluptatem est.');
INSERT INTO `listingReviews` (`listingReviewID`, `renterID`, `bookingID`, `listingID`, `hosterID`, `listingComment`, `listingRating`, `hostRating`, `hosterComment`) VALUES (10, 24, 10, 21, 46, 'Quia officiis excepturi placeat libero quam voluptas occaecati. Maiores ullam cupiditate corrupti sit asperiores illo quis. Molestiae aliquam tenetur consequuntur et. Non labore aut quia qui.', 1, 2, 'Ea cupiditate ut temporibus maiores. Consequatur praesentium eligendi asperiores facere quia aperiam. Qui omnis voluptas debitis dolores vel modi aut.');
INSERT INTO `listingReviews` (`listingReviewID`, `renterID`, `bookingID`, `listingID`, `hosterID`, `listingComment`, `listingRating`, `hostRating`, `hosterComment`) VALUES (11, 5, 11, 93, 29, 'Temporibus sapiente in nihil enim delectus sint. Rerum nulla dolore voluptatibus nostrum consequatur. Quasi omnis reiciendis at minus occaecati maiores sint aut.', 2, 3, 'Voluptatum voluptate aut eaque nihil rerum aliquam. Quia commodi esse et animi dolor soluta eum fugit. Commodi vero esse accusantium. Et rerum voluptatem veniam labore sed consectetur.');
INSERT INTO `listingReviews` (`listingReviewID`, `renterID`, `bookingID`, `listingID`, `hosterID`, `listingComment`, `listingRating`, `hostRating`, `hosterComment`) VALUES (12, 12, 12, 90, 35, 'Eveniet veritatis veniam quo a cupiditate qui modi. Quis ex consectetur deleniti necessitatibus dolore eum voluptas. Quis animi minima ea rerum.', 1, 2, 'Quia et quam dolor earum eaque. Qui dolores fugit et distinctio. Possimus quia molestiae alias facere. Alias quibusdam rerum sed perspiciatis. Eos hic magnam tenetur nisi.');
INSERT INTO `listingReviews` (`listingReviewID`, `renterID`, `bookingID`, `listingID`, `hosterID`, `listingComment`, `listingRating`, `hostRating`, `hosterComment`) VALUES (13, 4, 13, 34, 50, 'Aliquam nesciunt libero exercitationem aut. Distinctio dicta non corporis doloremque id cumque occaecati. Voluptatem natus nesciunt natus.', 4, 4, 'Voluptatum consequatur tempore sit. Aut voluptates recusandae ex non est. Sequi rerum ullam qui et minima officia. Est dolorum explicabo aut aut ullam minima unde.');
INSERT INTO `listingReviews` (`listingReviewID`, `renterID`, `bookingID`, `listingID`, `hosterID`, `listingComment`, `listingRating`, `hostRating`, `hosterComment`) VALUES (14, 3, 14, 51, 48, 'Dolores minima distinctio est culpa sint et. Eum nobis veritatis id et officiis.', 0, 1, 'Est excepturi facilis et facilis maiores porro et. Vitae fuga natus temporibus at nobis. Aut assumenda et atque mollitia. Molestiae illo voluptatem quo.');
INSERT INTO `listingReviews` (`listingReviewID`, `renterID`, `bookingID`, `listingID`, `hosterID`, `listingComment`, `listingRating`, `hostRating`, `hosterComment`) VALUES (15, 10, 15, 28, 50, 'Eveniet molestiae consequatur in aliquid aut adipisci modi repellendus. Tempora natus error minus. Amet exercitationem doloribus velit et adipisci. Cumque voluptas aliquam voluptates iste.', 0, 2, 'Consequatur explicabo minus officiis. Aliquid et odio id voluptas et dignissimos. Neque ad non ut. Sit dolor ab commodi nemo.');
INSERT INTO `listingReviews` (`listingReviewID`, `renterID`, `bookingID`, `listingID`, `hosterID`, `listingComment`, `listingRating`, `hostRating`, `hosterComment`) VALUES (16, 7, 16, 45, 43, 'Ut voluptates quidem temporibus aut occaecati deleniti illo. Quis iure temporibus repudiandae quia.\nEligendi et quidem dolorem. Est est veniam amet aut. Maiores quam et et nisi in.', 1, 4, 'Rerum laborum magnam dolorem autem aspernatur sed voluptatum. Aperiam atque enim incidunt autem quia sunt ut. Dolores ullam ad corporis corporis praesentium neque.');
INSERT INTO `listingReviews` (`listingReviewID`, `renterID`, `bookingID`, `listingID`, `hosterID`, `listingComment`, `listingRating`, `hostRating`, `hosterComment`) VALUES (17, 20, 17, 8, 44, 'Facilis ad et a eos qui. Voluptatum soluta enim ipsa cupiditate impedit ab. Sit qui architecto veniam necessitatibus ut labore. Est nihil et libero ipsam et. Culpa magnam qui sit harum optio.', 4, 0, 'Esse omnis cumque itaque nostrum minus quis incidunt. Voluptatum et ut fuga aut. Accusantium adipisci repudiandae enim veniam nam.');
INSERT INTO `listingReviews` (`listingReviewID`, `renterID`, `bookingID`, `listingID`, `hosterID`, `listingComment`, `listingRating`, `hostRating`, `hosterComment`) VALUES (18, 19, 18, 49, 42, 'Tenetur excepturi odit similique. Cupiditate repellendus quibusdam amet tenetur odio voluptatibus dicta. Aut corporis eligendi in magnam neque. Autem eos eaque voluptate ut velit maxime amet iste.', 5, 3, 'Earum soluta et quasi quaerat. Qui quo ipsam occaecati earum exercitationem voluptas. Ut perspiciatis et omnis. Distinctio fugit qui voluptatem sunt impedit excepturi voluptatem libero.');
INSERT INTO `listingReviews` (`listingReviewID`, `renterID`, `bookingID`, `listingID`, `hosterID`, `listingComment`, `listingRating`, `hostRating`, `hosterComment`) VALUES (19, 17, 19, 86, 26, 'Error assumenda aspernatur nisi accusantium culpa voluptas qui. Dicta vel iusto a quia eligendi. Impedit voluptates enim fuga quidem error.', 0, 2, 'Praesentium quis nemo commodi culpa exercitationem. Ea iusto odit dolorem incidunt praesentium et quia.');
INSERT INTO `listingReviews` (`listingReviewID`, `renterID`, `bookingID`, `listingID`, `hosterID`, `listingComment`, `listingRating`, `hostRating`, `hosterComment`) VALUES (20, 2, 20, 43, 44, 'Pariatur illum necessitatibus et rerum enim officiis doloribus. Blanditiis alias aut aut consequatur. Culpa doloremque vitae et voluptates veritatis sint quam. Libero aperiam aliquid qui dolores sed.', 0, 3, 'Rerum tempora id aut. Soluta voluptate et veritatis quos possimus autem. Exercitationem sed numquam sed deserunt inventore sunt occaecati. Commodi ea porro consequuntur.');
INSERT INTO `listingReviews` (`listingReviewID`, `renterID`, `bookingID`, `listingID`, `hosterID`, `listingComment`, `listingRating`, `hostRating`, `hosterComment`) VALUES (21, 1, 21, 92, 40, 'Quos est nobis nemo possimus. Facere deserunt assumenda ea iusto assumenda velit quis.', 4, 0, 'Quisquam distinctio ratione nulla quos nobis saepe. Quis sed magnam sit voluptatem pariatur. Eos nostrum vero nulla aspernatur laborum reiciendis. Ut saepe aut excepturi eveniet qui.');
INSERT INTO `listingReviews` (`listingReviewID`, `renterID`, `bookingID`, `listingID`, `hosterID`, `listingComment`, `listingRating`, `hostRating`, `hosterComment`) VALUES (22, 1, 22, 35, 40, 'Nisi ipsa molestiae voluptate voluptate totam sit qui rerum. Quam animi velit dolore natus optio est suscipit. Ut repudiandae qui eveniet quibusdam dolor pariatur.', 3, 0, 'Aut ipsum possimus asperiores et occaecati voluptatem rerum. Autem a est dolor dolorem iure tempora odio. Qui eum ipsa earum quae ipsum qui aliquid aliquam. Tempore neque vitae dolor magnam.');
INSERT INTO `listingReviews` (`listingReviewID`, `renterID`, `bookingID`, `listingID`, `hosterID`, `listingComment`, `listingRating`, `hostRating`, `hosterComment`) VALUES (23, 17, 23, 53, 27, 'Eos necessitatibus vel provident deleniti. Culpa sed cupiditate voluptatibus nihil voluptates hic.', 1, 2, 'Architecto est eum sit eveniet nam. Aliquam et vel sit non voluptatem dolores. Enim ipsum molestiae commodi. Et modi aperiam voluptate sit autem. Non autem quibusdam expedita facere et fugit esse.');
INSERT INTO `listingReviews` (`listingReviewID`, `renterID`, `bookingID`, `listingID`, `hosterID`, `listingComment`, `listingRating`, `hostRating`, `hosterComment`) VALUES (24, 16, 24, 72, 43, 'Ut voluptatem velit assumenda dolorum nihil. Et et minus quia sint quibusdam. Quisquam natus commodi provident ea omnis. Est ut quidem at aut dicta labore ex quaerat.', 0, 1, 'Provident doloremque et rem. Quia nesciunt dicta eius autem laudantium delectus necessitatibus. Harum et maiores aut velit. Ab minus modi quasi.');
INSERT INTO `listingReviews` (`listingReviewID`, `renterID`, `bookingID`, `listingID`, `hosterID`, `listingComment`, `listingRating`, `hostRating`, `hosterComment`) VALUES (25, 17, 25, 44, 47, 'Dolor natus possimus dignissimos non explicabo tempore aut magni. Molestias voluptatem consequatur temporibus dolorem. Aliquid consequatur quibusdam facere qui numquam.', 4, 0, 'Quo quam aut corrupti sed. Et facilis labore autem et voluptatem. Ad officia et modi aut exercitationem. Qui nostrum quia omnis eum.');
INSERT INTO `listingReviews` (`listingReviewID`, `renterID`, `bookingID`, `listingID`, `hosterID`, `listingComment`, `listingRating`, `hostRating`, `hosterComment`) VALUES (26, 24, 26, 20, 50, 'Voluptatem quis sed debitis. Repellendus dolorum velit excepturi ipsum. Voluptatem dolores voluptatum similique repellendus. Veritatis nobis occaecati amet dolores.', 0, 5, 'Ut sed sunt et earum sequi. Quos omnis ipsa consequuntur error.');
INSERT INTO `listingReviews` (`listingReviewID`, `renterID`, `bookingID`, `listingID`, `hosterID`, `listingComment`, `listingRating`, `hostRating`, `hosterComment`) VALUES (27, 2, 27, 92, 32, 'Repudiandae vitae earum quo iusto corporis non odit consequuntur. Repudiandae voluptatem recusandae architecto. Laborum nisi suscipit fugiat sequi iusto ut.', 0, 2, 'Sit accusamus voluptatem omnis explicabo minima. Occaecati qui possimus illo dolor assumenda. Tenetur sunt alias molestiae cumque in rem eum. Accusamus aut qui deleniti hic ex perspiciatis.');
INSERT INTO `listingReviews` (`listingReviewID`, `renterID`, `bookingID`, `listingID`, `hosterID`, `listingComment`, `listingRating`, `hostRating`, `hosterComment`) VALUES (28, 14, 28, 33, 31, 'Et perferendis voluptate deleniti perspiciatis quo voluptate perferendis. Harum est fugiat aut et nam et ex repudiandae. Exercitationem quo vitae ut veniam similique sapiente.', 5, 0, 'Temporibus qui voluptas et eius asperiores. Eligendi maxime ab molestiae vitae explicabo et ipsam nulla. Enim est voluptate provident voluptatem. Voluptatum cupiditate molestiae eveniet.');
INSERT INTO `listingReviews` (`listingReviewID`, `renterID`, `bookingID`, `listingID`, `hosterID`, `listingComment`, `listingRating`, `hostRating`, `hosterComment`) VALUES (29, 1, 29, 32, 43, 'Rerum minima occaecati eos eligendi ducimus. Voluptate omnis quae aspernatur a voluptatem aliquam. Explicabo itaque fugiat et amet modi.', 1, 1, 'Voluptates quis velit aut minima aut. In asperiores voluptate cupiditate nesciunt odio. Officia ut cumque cum delectus corporis ut velit. Est fugiat quam aut qui aperiam rem commodi.');
INSERT INTO `listingReviews` (`listingReviewID`, `renterID`, `bookingID`, `listingID`, `hosterID`, `listingComment`, `listingRating`, `hostRating`, `hosterComment`) VALUES (30, 14, 30, 58, 49, 'Eaque omnis totam libero non accusantium. Eos ut aut quibusdam et vitae.', 4, 3, 'Et nesciunt quae dolore totam neque omnis beatae. Harum quia provident quas perferendis accusantium nihil neque perspiciatis. Qui pariatur ipsam culpa repellendus non.');
INSERT INTO `listingReviews` (`listingReviewID`, `renterID`, `bookingID`, `listingID`, `hosterID`, `listingComment`, `listingRating`, `hostRating`, `hosterComment`) VALUES (31, 24, 31, 5, 38, 'Ipsum et vel voluptas et. Dicta ut rerum esse dolorem voluptas minus rerum quisquam. Rerum impedit sint aliquam aut.', 3, 2, 'Quia consectetur earum molestias. Delectus et nam facere voluptatem dolore qui doloribus ab. Eaque voluptate exercitationem repudiandae beatae ipsam. Aspernatur amet et quaerat nobis.');
INSERT INTO `listingReviews` (`listingReviewID`, `renterID`, `bookingID`, `listingID`, `hosterID`, `listingComment`, `listingRating`, `hostRating`, `hosterComment`) VALUES (32, 25, 32, 89, 32, 'Ut porro error enim et culpa facere et quidem. Mollitia perferendis nemo dolor rem voluptate. Corrupti vitae sint sit consequatur amet sunt inventore.', 1, 0, 'Ex consequatur asperiores eos. Labore molestiae suscipit magni quidem voluptas quis. Optio minus itaque accusantium cumque necessitatibus. Neque perferendis id quidem ut quo omnis.');
INSERT INTO `listingReviews` (`listingReviewID`, `renterID`, `bookingID`, `listingID`, `hosterID`, `listingComment`, `listingRating`, `hostRating`, `hosterComment`) VALUES (33, 2, 33, 34, 39, 'Doloremque dolores quasi molestiae. Illum aut facilis in molestias reiciendis.', 1, 5, 'Sint sint aut qui velit. Ea qui nesciunt pariatur accusamus. Nemo sed quia qui quod commodi illo.');
INSERT INTO `listingReviews` (`listingReviewID`, `renterID`, `bookingID`, `listingID`, `hosterID`, `listingComment`, `listingRating`, `hostRating`, `hosterComment`) VALUES (34, 3, 34, 11, 42, 'Corrupti asperiores accusantium recusandae illum magni nihil. Quia consequatur ducimus suscipit atque quo esse ut velit. Possimus velit qui voluptas ab ut aliquid et facere.', 5, 3, 'Facere qui ea ea enim. Ipsam eos odit velit illum. Consequatur quia est unde et suscipit aut.\nBeatae consequatur dolores animi assumenda natus qui ipsum. Hic illum illum fuga sint quasi.');
INSERT INTO `listingReviews` (`listingReviewID`, `renterID`, `bookingID`, `listingID`, `hosterID`, `listingComment`, `listingRating`, `hostRating`, `hosterComment`) VALUES (35, 2, 35, 3, 36, 'Mollitia et ab dolorem enim autem. Culpa voluptas non eos et quae eos. Ipsum nam dolor quidem fugit. Aspernatur consequatur molestiae maxime explicabo assumenda dignissimos.', 1, 5, 'Fuga facere quia blanditiis reprehenderit eaque omnis sed. Doloribus vel perspiciatis et quia. Labore consequatur molestiae maxime quasi sit.');
INSERT INTO `listingReviews` (`listingReviewID`, `renterID`, `bookingID`, `listingID`, `hosterID`, `listingComment`, `listingRating`, `hostRating`, `hosterComment`) VALUES (36, 22, 36, 85, 35, 'Rerum cum odit rerum ut itaque. Adipisci qui quod excepturi eveniet repudiandae. Ab molestias enim sed veniam.', 0, 3, 'Est et facere iste deleniti incidunt qui itaque veniam. Aut optio autem repellat nihil omnis enim.');
INSERT INTO `listingReviews` (`listingReviewID`, `renterID`, `bookingID`, `listingID`, `hosterID`, `listingComment`, `listingRating`, `hostRating`, `hosterComment`) VALUES (37, 19, 37, 84, 29, 'Occaecati aut reprehenderit aut eum optio accusantium quidem. Ut eum voluptatem voluptatem et dolores est. Voluptas rem necessitatibus cupiditate dignissimos totam.', 3, 2, 'Soluta est mollitia aut nobis delectus. Doloremque error culpa aut assumenda.');
INSERT INTO `listingReviews` (`listingReviewID`, `renterID`, `bookingID`, `listingID`, `hosterID`, `listingComment`, `listingRating`, `hostRating`, `hosterComment`) VALUES (38, 2, 38, 95, 34, 'Doloribus dolore adipisci qui cupiditate consequatur. Praesentium soluta consequatur qui est aut quis. Ab facilis et nulla ut iste voluptas quae.', 1, 0, 'Voluptatum necessitatibus consectetur omnis nobis consequatur sunt culpa sapiente. Et cumque pariatur ea natus numquam hic.');
INSERT INTO `listingReviews` (`listingReviewID`, `renterID`, `bookingID`, `listingID`, `hosterID`, `listingComment`, `listingRating`, `hostRating`, `hosterComment`) VALUES (39, 11, 39, 52, 35, 'Laboriosam sapiente nam et nam. Incidunt debitis dolores laborum qui. Voluptas placeat commodi non. Vel ad cum et et id quisquam sequi.', 4, 4, 'Aut aut deserunt omnis ex. Et et hic quod quos facere omnis earum. Ut ipsam doloremque porro expedita quis in. Quibusdam temporibus vero provident mollitia quas aliquid nihil est.');
INSERT INTO `listingReviews` (`listingReviewID`, `renterID`, `bookingID`, `listingID`, `hosterID`, `listingComment`, `listingRating`, `hostRating`, `hosterComment`) VALUES (40, 17, 40, 88, 37, 'Aut omnis facere iure fuga non. Dolorum vitae exercitationem consectetur consectetur non sit sed. Ratione voluptatem tenetur nemo nihil quisquam velit iure cumque.', 5, 0, 'Quos sapiente accusamus consectetur eos temporibus eligendi doloribus impedit. Et repudiandae voluptatem eum accusantium nihil. Sit et ea tenetur iusto voluptatem.');
INSERT INTO `listingReviews` (`listingReviewID`, `renterID`, `bookingID`, `listingID`, `hosterID`, `listingComment`, `listingRating`, `hostRating`, `hosterComment`) VALUES (41, 22, 41, 95, 50, 'Voluptatibus labore assumenda voluptas quidem quos est sint. Incidunt nesciunt voluptatem nisi in voluptate corrupti possimus quia.', 5, 3, 'Quo qui officia officiis similique minus vitae. Voluptatem qui nostrum delectus eveniet in. Ullam modi laboriosam eligendi.');
INSERT INTO `listingReviews` (`listingReviewID`, `renterID`, `bookingID`, `listingID`, `hosterID`, `listingComment`, `listingRating`, `hostRating`, `hosterComment`) VALUES (42, 25, 42, 12, 28, 'Nisi vitae iure voluptatem blanditiis harum nemo. Pariatur eos nulla quaerat voluptatibus sed. Reiciendis quidem aut repudiandae architecto excepturi explicabo nam. Velit ex vel maxime.', 0, 5, 'Aliquid quia et assumenda qui qui omnis. Est corrupti nostrum quo. Sint rerum velit animi debitis mollitia unde.');
INSERT INTO `listingReviews` (`listingReviewID`, `renterID`, `bookingID`, `listingID`, `hosterID`, `listingComment`, `listingRating`, `hostRating`, `hosterComment`) VALUES (43, 13, 43, 34, 46, 'Repellat nisi nesciunt aut doloribus ab. Quae voluptas ea molestiae deserunt corporis mollitia temporibus perspiciatis. Dolor tempora sed repudiandae dolor nisi.', 3, 2, 'In minima id qui accusamus commodi incidunt. Accusantium id fugiat quis consequatur labore autem nobis. Aut sit rerum facere facilis eum aut sed et.');
INSERT INTO `listingReviews` (`listingReviewID`, `renterID`, `bookingID`, `listingID`, `hosterID`, `listingComment`, `listingRating`, `hostRating`, `hosterComment`) VALUES (44, 2, 44, 67, 26, 'Non qui reiciendis repellat amet quibusdam voluptatum. Aut consectetur quaerat blanditiis autem. Est voluptatum ut labore dolorem. Amet ipsam non at exercitationem.', 2, 4, 'Eligendi explicabo maxime beatae ut. Amet voluptatem voluptas maiores occaecati sit. Nemo distinctio deleniti rerum incidunt assumenda.');
INSERT INTO `listingReviews` (`listingReviewID`, `renterID`, `bookingID`, `listingID`, `hosterID`, `listingComment`, `listingRating`, `hostRating`, `hosterComment`) VALUES (45, 21, 45, 97, 27, 'Accusantium aspernatur aut id laborum inventore. Sunt est non magni impedit et. Rerum qui minima atque omnis excepturi.', 3, 1, 'Repellat fuga molestiae dignissimos dolore adipisci. Vero assumenda voluptatibus est saepe perferendis ex. Perspiciatis qui ut iusto porro.');
INSERT INTO `listingReviews` (`listingReviewID`, `renterID`, `bookingID`, `listingID`, `hosterID`, `listingComment`, `listingRating`, `hostRating`, `hosterComment`) VALUES (46, 9, 46, 81, 34, 'Odio repellendus sed quae rerum. Vel ea amet voluptates et reprehenderit esse ea eligendi. Omnis voluptas quod sed enim non sit quidem.', 2, 2, 'Quos laborum modi aut eaque et. Quasi dicta qui quis dolor omnis recusandae amet. In molestias recusandae enim reiciendis. Minus dignissimos et doloribus eos quisquam.');
INSERT INTO `listingReviews` (`listingReviewID`, `renterID`, `bookingID`, `listingID`, `hosterID`, `listingComment`, `listingRating`, `hostRating`, `hosterComment`) VALUES (47, 24, 47, 3, 34, 'Consequatur placeat neque aut cupiditate ad. Consectetur minima corporis quia dicta. Harum dolore necessitatibus eaque rerum sed sit adipisci.', 1, 4, 'Qui debitis ut natus beatae eveniet quia aut. Possimus nihil et molestiae suscipit eaque est. A quod enim et impedit.');
INSERT INTO `listingReviews` (`listingReviewID`, `renterID`, `bookingID`, `listingID`, `hosterID`, `listingComment`, `listingRating`, `hostRating`, `hosterComment`) VALUES (48, 14, 48, 52, 37, 'Qui officia rerum reiciendis unde voluptatem numquam. Natus ut qui cumque est adipisci. Eos minus dolor dolores dolore.', 2, 4, 'In ut blanditiis odio repellat modi. Suscipit est pariatur quis alias sit quis. Et quaerat minima sed neque sit. Id earum est veniam in.');
INSERT INTO `listingReviews` (`listingReviewID`, `renterID`, `bookingID`, `listingID`, `hosterID`, `listingComment`, `listingRating`, `hostRating`, `hosterComment`) VALUES (49, 23, 49, 16, 30, 'Excepturi vitae dicta et natus inventore sed voluptas voluptatem. Similique accusamus magnam doloribus non. Eaque accusamus ea id ut et dignissimos voluptatem officiis.', 0, 2, 'Molestiae libero nulla enim quae maiores pariatur. Vero voluptas cupiditate reiciendis a et. Quo rerum ipsam qui in ipsum a. Quibusdam non illum in sed.');
INSERT INTO `listingReviews` (`listingReviewID`, `renterID`, `bookingID`, `listingID`, `hosterID`, `listingComment`, `listingRating`, `hostRating`, `hosterComment`) VALUES (50, 3, 50, 39, 44, 'Quo quam dolor sint vitae sed esse. Voluptas nobis pariatur fuga nihil sit iure.', 0, 4, 'Corporis ut accusantium enim et sunt eum. Voluptatem maxime optio sapiente recusandae vel dolorem.');
INSERT INTO `listingReviews` (`listingReviewID`, `renterID`, `bookingID`, `listingID`, `hosterID`, `listingComment`, `listingRating`, `hostRating`, `hosterComment`) VALUES (51, 5, 51, 48, 38, 'Ut recusandae dolor aut magni quo et nihil est. Nesciunt doloribus quidem qui totam reiciendis recusandae. Ipsum maiores dolores facere. Similique et voluptatem aut amet.', 2, 0, 'Id ad et dolore perspiciatis. Est quod aut pariatur similique tempora corrupti blanditiis perspiciatis. Et tempore est corporis magni quo minus.');
INSERT INTO `listingReviews` (`listingReviewID`, `renterID`, `bookingID`, `listingID`, `hosterID`, `listingComment`, `listingRating`, `hostRating`, `hosterComment`) VALUES (52, 2, 52, 99, 41, 'Molestiae ea occaecati eius consequatur pariatur ratione. Non illum ad fugiat et qui. Qui aut iure in quos. Provident ut autem alias debitis cupiditate quibusdam perspiciatis.', 1, 0, 'Voluptas accusantium fugit amet magni facere dicta et. Non ducimus repellat consectetur earum et qui. Quasi est qui omnis itaque quia. Quam possimus fugit facilis delectus.');
INSERT INTO `listingReviews` (`listingReviewID`, `renterID`, `bookingID`, `listingID`, `hosterID`, `listingComment`, `listingRating`, `hostRating`, `hosterComment`) VALUES (53, 11, 53, 97, 33, 'Molestiae et est animi magni aut architecto non ut. Blanditiis saepe veniam vel totam. Mollitia quaerat in in quia. Consequatur quia consequatur aliquid sint in quisquam.', 5, 2, 'Ea quo dolorem id excepturi quas animi. Laboriosam deleniti hic ut harum. Quia sed voluptas et esse fugiat vel voluptate.\nEt tempore maxime accusamus laborum. Nemo ipsum alias veniam.');
INSERT INTO `listingReviews` (`listingReviewID`, `renterID`, `bookingID`, `listingID`, `hosterID`, `listingComment`, `listingRating`, `hostRating`, `hosterComment`) VALUES (54, 16, 54, 26, 31, 'Assumenda inventore quia non sit. Vel non nihil eos exercitationem molestiae eos voluptatem.', 0, 5, 'Molestias ut dolores asperiores. Iusto voluptas qui ducimus voluptatibus. Ipsa dolore nostrum ullam quia et sed.');
INSERT INTO `listingReviews` (`listingReviewID`, `renterID`, `bookingID`, `listingID`, `hosterID`, `listingComment`, `listingRating`, `hostRating`, `hosterComment`) VALUES (55, 24, 55, 50, 40, 'Distinctio perferendis in doloremque iusto non et. Quia nesciunt porro sit. Dolorem ut voluptas nesciunt consequuntur rem ut. Tempora in ullam id.', 4, 0, 'Repellendus quae in quas quia. Tempora nobis laboriosam ipsum voluptatibus et. Ut placeat assumenda earum est earum quod.');
INSERT INTO `listingReviews` (`listingReviewID`, `renterID`, `bookingID`, `listingID`, `hosterID`, `listingComment`, `listingRating`, `hostRating`, `hosterComment`) VALUES (56, 14, 56, 29, 36, 'Praesentium recusandae id voluptatem neque. Molestias dignissimos laudantium necessitatibus velit atque quia. Atque aut omnis tenetur aut. Distinctio in quis quia quod.', 5, 2, 'Nihil omnis iusto quo quia est impedit. Similique illum est ea in sint. Voluptas qui asperiores et impedit illo occaecati. Ex earum in in.');
INSERT INTO `listingReviews` (`listingReviewID`, `renterID`, `bookingID`, `listingID`, `hosterID`, `listingComment`, `listingRating`, `hostRating`, `hosterComment`) VALUES (57, 22, 57, 91, 45, 'Maxime iusto delectus eos minima. Vel consequatur ut quia soluta et vel. Magnam aut sit dolorum facere aut quia. Cumque ut consequatur blanditiis.', 5, 5, 'Omnis perspiciatis beatae iure soluta. Rerum fugit quia aut. Sit sed sed deserunt voluptatem sit error debitis.');
INSERT INTO `listingReviews` (`listingReviewID`, `renterID`, `bookingID`, `listingID`, `hosterID`, `listingComment`, `listingRating`, `hostRating`, `hosterComment`) VALUES (58, 2, 58, 31, 41, 'Architecto similique omnis voluptates ea molestias. Rerum necessitatibus quibusdam perferendis enim nobis nam doloribus.', 3, 3, 'Cum consectetur quasi officiis nam sint. Rerum odit aut et ipsam vero qui.');
INSERT INTO `listingReviews` (`listingReviewID`, `renterID`, `bookingID`, `listingID`, `hosterID`, `listingComment`, `listingRating`, `hostRating`, `hosterComment`) VALUES (59, 20, 59, 73, 39, 'Et hic vel voluptatibus et autem enim et omnis. Voluptas laborum cumque et excepturi sed amet. Magni accusamus at consequatur. Optio laudantium et aut quaerat.', 3, 2, 'Dolores qui vitae qui iure consequuntur dolorem perferendis. Qui aliquid sed hic odit. Quo nihil non labore sit sunt. Illum accusamus vitae pariatur.');
INSERT INTO `listingReviews` (`listingReviewID`, `renterID`, `bookingID`, `listingID`, `hosterID`, `listingComment`, `listingRating`, `hostRating`, `hosterComment`) VALUES (60, 9, 60, 53, 42, 'Dolores nulla fugiat commodi. Veniam cum quidem eum quo ut. Molestiae aperiam sit excepturi autem dolores repudiandae dolorum. Rem itaque fugit eos et aut debitis consequatur maxime.', 1, 4, 'Provident sapiente omnis non sit itaque tenetur ipsam incidunt. At quo explicabo quae error ut. Est quia quae illo velit doloremque nisi facere.');
INSERT INTO `listingReviews` (`listingReviewID`, `renterID`, `bookingID`, `listingID`, `hosterID`, `listingComment`, `listingRating`, `hostRating`, `hosterComment`) VALUES (61, 15, 61, 75, 35, 'Animi eum consectetur quia excepturi nemo. Quae quam nostrum aperiam optio doloribus cumque. Ut aut tempore impedit saepe.', 2, 3, 'Nulla adipisci esse non qui aut minima. Quo mollitia pariatur voluptatem voluptatibus et laboriosam provident. Qui id aut provident voluptas non quis. Omnis temporibus veniam quis ab enim est.');
INSERT INTO `listingReviews` (`listingReviewID`, `renterID`, `bookingID`, `listingID`, `hosterID`, `listingComment`, `listingRating`, `hostRating`, `hosterComment`) VALUES (62, 5, 62, 49, 27, 'Voluptas sit voluptas maxime facere qui ipsum rerum. Est praesentium sunt sunt voluptatem. Quam omnis ipsam error dolor. Cum repudiandae vitae sed cupiditate distinctio provident.', 0, 3, 'Ipsa quo qui reprehenderit non odio recusandae. Consequatur eligendi ullam ut et. Iure nostrum deleniti quibusdam optio dolorem repellendus optio. Ex molestiae illo deserunt nostrum.');
INSERT INTO `listingReviews` (`listingReviewID`, `renterID`, `bookingID`, `listingID`, `hosterID`, `listingComment`, `listingRating`, `hostRating`, `hosterComment`) VALUES (63, 7, 63, 31, 40, 'Eos maiores consequatur qui excepturi labore nostrum. Vero et excepturi saepe debitis. Et quos minima tempora et.', 3, 1, 'Dolores dolorem quis est non quasi rem nemo. Fugiat nostrum quae voluptatem aut voluptas.\nHic harum quia aliquid unde maxime. Tempore vel aut optio fuga pariatur.');
INSERT INTO `listingReviews` (`listingReviewID`, `renterID`, `bookingID`, `listingID`, `hosterID`, `listingComment`, `listingRating`, `hostRating`, `hosterComment`) VALUES (64, 3, 64, 16, 35, 'Qui quam tempore sunt eum odit laborum sed sed. Quis tempora dolor sit explicabo delectus id quasi. Aperiam cum non aut quo voluptate.', 2, 3, 'Voluptatem ut vel quas nulla. Suscipit dignissimos aliquid commodi pariatur aliquid. Non nam et optio soluta. Repudiandae accusamus modi nihil minima necessitatibus iusto ut rerum.');
INSERT INTO `listingReviews` (`listingReviewID`, `renterID`, `bookingID`, `listingID`, `hosterID`, `listingComment`, `listingRating`, `hostRating`, `hosterComment`) VALUES (65, 9, 65, 63, 37, 'Qui sequi reprehenderit officiis debitis. Illum deserunt ut nisi quo nobis. Sed consequatur nulla rem et commodi est.', 3, 4, 'Ea sit voluptatum aliquid impedit debitis ratione libero expedita. Rerum temporibus nostrum quod neque. Ipsam officiis excepturi suscipit rerum et at quia.');
INSERT INTO `listingReviews` (`listingReviewID`, `renterID`, `bookingID`, `listingID`, `hosterID`, `listingComment`, `listingRating`, `hostRating`, `hosterComment`) VALUES (66, 9, 66, 32, 42, 'Consequatur veniam deleniti qui illum consequatur. Et aut et aut. A quam quibusdam sunt id necessitatibus ipsum impedit temporibus.', 5, 4, 'Adipisci minima nulla ad tempore sed cumque. Quae eaque et eos sed accusamus dicta. Sequi perferendis neque consequuntur fugit omnis cumque quasi.');
INSERT INTO `listingReviews` (`listingReviewID`, `renterID`, `bookingID`, `listingID`, `hosterID`, `listingComment`, `listingRating`, `hostRating`, `hosterComment`) VALUES (67, 6, 67, 10, 48, 'Numquam ipsa est deleniti totam. Consequatur similique voluptate occaecati beatae doloremque. Eos amet facere possimus ut. Est voluptatem autem et harum consectetur aspernatur nemo.', 4, 1, 'Voluptas cupiditate fugit dolores. Perferendis enim in id eum veniam quis esse. Sint doloribus accusamus unde est.');
INSERT INTO `listingReviews` (`listingReviewID`, `renterID`, `bookingID`, `listingID`, `hosterID`, `listingComment`, `listingRating`, `hostRating`, `hosterComment`) VALUES (68, 14, 68, 7, 34, 'Aut voluptatem fugiat aut. Quis consequuntur unde laborum. Aperiam unde error dignissimos eaque. Esse qui consequuntur ducimus nostrum aut accusantium labore.', 2, 3, 'Enim et ipsum id quidem voluptas sit. Cum blanditiis qui voluptas eligendi. Molestiae et autem molestias modi enim nostrum.\nQuis dolores sapiente non dolore et. Non consectetur sed quia.');
INSERT INTO `listingReviews` (`listingReviewID`, `renterID`, `bookingID`, `listingID`, `hosterID`, `listingComment`, `listingRating`, `hostRating`, `hosterComment`) VALUES (69, 21, 69, 99, 46, 'Minus quibusdam eaque quas recusandae voluptates laboriosam. Quia omnis molestiae laborum autem. Officia sint fugit pariatur optio.', 4, 4, 'Ut ea debitis iusto aut soluta. Voluptate sed quisquam in nemo pariatur aut. Eum repudiandae molestiae quidem libero occaecati.');
INSERT INTO `listingReviews` (`listingReviewID`, `renterID`, `bookingID`, `listingID`, `hosterID`, `listingComment`, `listingRating`, `hostRating`, `hosterComment`) VALUES (70, 10, 70, 67, 36, 'Cumque et est voluptatem consequatur rerum et. Debitis voluptas officia qui. Doloremque a nobis numquam. Sint voluptatum architecto iure temporibus molestiae.', 4, 4, 'Eveniet minima quisquam praesentium velit quia nemo. Sed quaerat omnis quasi qui qui suscipit. Quo aut nemo eum explicabo consequuntur quidem est.');
INSERT INTO `listingReviews` (`listingReviewID`, `renterID`, `bookingID`, `listingID`, `hosterID`, `listingComment`, `listingRating`, `hostRating`, `hosterComment`) VALUES (71, 14, 71, 25, 34, 'Eos voluptatem qui nobis vitae qui sequi. Temporibus rerum voluptate est magni reprehenderit sed numquam.', 0, 3, 'Saepe voluptatibus sint est dolores et iste. Accusantium est et est laudantium quis eos. Qui voluptatum quasi sunt impedit fugiat nihil qui.');
INSERT INTO `listingReviews` (`listingReviewID`, `renterID`, `bookingID`, `listingID`, `hosterID`, `listingComment`, `listingRating`, `hostRating`, `hosterComment`) VALUES (72, 12, 72, 90, 43, 'Necessitatibus maiores sint totam dignissimos ut maiores ducimus. Voluptate amet labore quibusdam ex temporibus. Aperiam sit facilis ex nemo nostrum. Molestiae consequatur sunt eius enim.', 2, 3, 'Eum adipisci quidem debitis autem exercitationem eum. Enim numquam odio iusto vero labore officiis.');
INSERT INTO `listingReviews` (`listingReviewID`, `renterID`, `bookingID`, `listingID`, `hosterID`, `listingComment`, `listingRating`, `hostRating`, `hosterComment`) VALUES (73, 9, 73, 96, 31, 'Voluptate repudiandae adipisci ut et corporis dolor. Est nisi velit aut. Ratione repellat dolorum asperiores occaecati. Iste cupiditate deserunt sit repellendus corporis molestiae sint ea.', 4, 3, 'Veniam reprehenderit eaque et ipsum quo asperiores voluptatem. Dolore aut architecto maxime et cumque vero rerum maiores.');
INSERT INTO `listingReviews` (`listingReviewID`, `renterID`, `bookingID`, `listingID`, `hosterID`, `listingComment`, `listingRating`, `hostRating`, `hosterComment`) VALUES (74, 7, 74, 55, 35, 'Sunt aut eos vel vel culpa. Quia non quia esse reiciendis eveniet temporibus dolorum architecto. Molestiae voluptatem quod voluptatem ut.', 0, 3, 'Esse officiis ratione perspiciatis. Officiis commodi dolores sit alias unde ex repellendus. Eum perspiciatis qui sunt sit cum culpa.');
INSERT INTO `listingReviews` (`listingReviewID`, `renterID`, `bookingID`, `listingID`, `hosterID`, `listingComment`, `listingRating`, `hostRating`, `hosterComment`) VALUES (75, 7, 75, 37, 43, 'Vero provident repudiandae aut vel perferendis. Saepe commodi autem magnam est non ut sapiente. Enim tenetur et aspernatur non nulla minima.', 5, 2, 'Adipisci ut qui pariatur asperiores. Accusantium ut harum assumenda. Iste sed molestiae a ea neque. Natus aut consequatur dolorem molestiae.');
INSERT INTO `listingReviews` (`listingReviewID`, `renterID`, `bookingID`, `listingID`, `hosterID`, `listingComment`, `listingRating`, `hostRating`, `hosterComment`) VALUES (76, 12, 76, 10, 41, 'Rem voluptatem omnis praesentium dolores facere. Omnis qui et eos odit. Aut omnis ut qui corrupti sapiente delectus.', 0, 0, 'Est corrupti qui quis est eveniet impedit labore. Delectus molestiae odit officiis explicabo voluptatem neque quo. Esse in nesciunt voluptas voluptatibus perferendis est.');
INSERT INTO `listingReviews` (`listingReviewID`, `renterID`, `bookingID`, `listingID`, `hosterID`, `listingComment`, `listingRating`, `hostRating`, `hosterComment`) VALUES (77, 12, 77, 27, 46, 'Rerum perspiciatis quaerat et eligendi voluptates. Rerum molestiae qui placeat est quibusdam sed maiores. Vero sit voluptas autem et nesciunt consequatur est culpa. Velit qui minima ipsum est et.', 4, 3, 'Et hic ut magni quas. Et deleniti voluptatem totam sequi omnis vel autem. Adipisci iusto ut et doloremque dolorum.');
INSERT INTO `listingReviews` (`listingReviewID`, `renterID`, `bookingID`, `listingID`, `hosterID`, `listingComment`, `listingRating`, `hostRating`, `hosterComment`) VALUES (78, 1, 78, 29, 40, 'Libero placeat quibusdam neque excepturi nesciunt aliquam nostrum. Ut voluptatum itaque facere sunt. Dolores animi neque doloribus nulla.', 5, 5, 'Quos sed et dignissimos illum suscipit expedita. Velit et perferendis rerum voluptatibus eligendi. Totam non et minima laudantium delectus in aut. Et officiis quos neque ut error accusantium.');
INSERT INTO `listingReviews` (`listingReviewID`, `renterID`, `bookingID`, `listingID`, `hosterID`, `listingComment`, `listingRating`, `hostRating`, `hosterComment`) VALUES (79, 22, 79, 70, 42, 'Illum sint magni optio voluptatem. Recusandae laudantium dolorem dolor sit rerum.\nUt libero fugit sunt ipsa error. Quos sed quo sequi distinctio. Sunt culpa eos tempore deserunt nihil.', 5, 2, 'Consequatur rerum quis ea aliquam quo. Aspernatur est distinctio dolorum. Ea voluptas eum dolores. Vel voluptates dolorum molestias saepe sed dolores quos.');
INSERT INTO `listingReviews` (`listingReviewID`, `renterID`, `bookingID`, `listingID`, `hosterID`, `listingComment`, `listingRating`, `hostRating`, `hosterComment`) VALUES (80, 25, 80, 77, 45, 'Illo qui molestiae cupiditate sit fugit earum magni. Corporis ab aut consequatur quae voluptas aut est. Qui ut unde magni porro ullam.', 4, 4, 'Architecto quo dolor vero sunt debitis. Non non laudantium quo exercitationem. Quisquam molestiae asperiores at sunt dolor rerum. Vel consequatur nemo saepe necessitatibus.');
INSERT INTO `listingReviews` (`listingReviewID`, `renterID`, `bookingID`, `listingID`, `hosterID`, `listingComment`, `listingRating`, `hostRating`, `hosterComment`) VALUES (81, 20, 81, 72, 41, 'Et tempora quisquam distinctio quibusdam rerum impedit. Ducimus et non esse et quibusdam debitis. Reiciendis impedit similique sit nam.', 2, 0, 'Accusamus accusantium in veniam saepe. Voluptatibus ab vel dolores. Cum eveniet quae vitae assumenda eos.');
INSERT INTO `listingReviews` (`listingReviewID`, `renterID`, `bookingID`, `listingID`, `hosterID`, `listingComment`, `listingRating`, `hostRating`, `hosterComment`) VALUES (82, 8, 82, 34, 30, 'Qui exercitationem ratione odio nulla incidunt. Ut molestiae itaque illum non. Qui qui sint omnis architecto illum optio dignissimos.', 5, 4, 'Eos quidem harum tempore a perspiciatis. Quo libero quisquam id aspernatur cupiditate doloribus. Nulla facere quia nam est consequatur placeat.');
INSERT INTO `listingReviews` (`listingReviewID`, `renterID`, `bookingID`, `listingID`, `hosterID`, `listingComment`, `listingRating`, `hostRating`, `hosterComment`) VALUES (83, 7, 83, 29, 42, 'Ab rerum cum optio. Nihil debitis quisquam autem non quod. Labore corrupti aut fugit ut voluptas laboriosam.', 0, 3, 'Rerum et aut sunt excepturi assumenda. Ad saepe inventore natus nam iste quidem. Qui reprehenderit ut accusamus itaque nulla quos id.');
INSERT INTO `listingReviews` (`listingReviewID`, `renterID`, `bookingID`, `listingID`, `hosterID`, `listingComment`, `listingRating`, `hostRating`, `hosterComment`) VALUES (84, 6, 84, 55, 36, 'Et laudantium officiis amet enim ut unde impedit. Id accusantium voluptas officiis optio porro excepturi. Ad quia illo quae voluptatem voluptate eligendi et.', 4, 2, 'Voluptatem magni enim fuga dolores inventore est natus alias. Qui in corporis eum voluptatem voluptas placeat. Et nam ipsa aliquid ducimus nihil in ipsa. In non aperiam est est molestiae vel id.');
INSERT INTO `listingReviews` (`listingReviewID`, `renterID`, `bookingID`, `listingID`, `hosterID`, `listingComment`, `listingRating`, `hostRating`, `hosterComment`) VALUES (85, 1, 85, 24, 30, 'Beatae quia numquam qui distinctio. Voluptatem eos provident corporis expedita. Quibusdam exercitationem vel minus molestiae quibusdam totam numquam. Ducimus voluptas est enim dolores qui a.', 0, 2, 'Voluptatibus voluptas autem repellendus et. Sit consequatur id iusto. Ut dolores reiciendis voluptas qui ullam sit. Sapiente non recusandae molestiae enim recusandae magnam.');
INSERT INTO `listingReviews` (`listingReviewID`, `renterID`, `bookingID`, `listingID`, `hosterID`, `listingComment`, `listingRating`, `hostRating`, `hosterComment`) VALUES (86, 21, 86, 90, 48, 'Accusamus repellendus consequatur ducimus eos aperiam sapiente. Voluptatem voluptas in voluptatum amet unde voluptatum. Et sit ad voluptatem vitae quae aut.', 2, 1, 'Qui velit voluptatem in fuga. Doloremque iure rerum minus doloremque omnis. Quasi voluptas velit et odio magni atque quibusdam.');
INSERT INTO `listingReviews` (`listingReviewID`, `renterID`, `bookingID`, `listingID`, `hosterID`, `listingComment`, `listingRating`, `hostRating`, `hosterComment`) VALUES (87, 25, 87, 63, 43, 'Ad sapiente qui est exercitationem. Ullam consequuntur quia voluptatibus molestias. Nesciunt pariatur minus aspernatur aut laborum.', 5, 3, 'Autem velit consequatur quasi eum quos. Voluptatem quis eum soluta molestiae voluptas ut. Soluta veritatis sed voluptatem necessitatibus et animi. Ipsa quas sint sit excepturi ut ea.');
INSERT INTO `listingReviews` (`listingReviewID`, `renterID`, `bookingID`, `listingID`, `hosterID`, `listingComment`, `listingRating`, `hostRating`, `hosterComment`) VALUES (88, 23, 88, 98, 43, 'Sunt voluptas asperiores maiores et. Reprehenderit sequi omnis ratione nobis. Delectus in minima aspernatur nobis natus eveniet qui voluptatem. Facilis maiores perferendis consequatur.', 0, 4, 'Et id voluptates vel a neque. Sit itaque dolorem ullam ut ea qui. Exercitationem ipsam cumque voluptas ipsa rerum dolore asperiores. Accusamus neque ex sed rerum aut quia.');
INSERT INTO `listingReviews` (`listingReviewID`, `renterID`, `bookingID`, `listingID`, `hosterID`, `listingComment`, `listingRating`, `hostRating`, `hosterComment`) VALUES (89, 5, 89, 15, 32, 'Et quasi voluptatem sed incidunt. Porro eos vitae assumenda autem qui. Ut aliquam asperiores odio eveniet eligendi voluptas. Quia tenetur consequatur architecto voluptatibus nisi accusamus.', 1, 2, 'Non quaerat qui dolorem recusandae. Consequuntur aliquam iusto eius esse tempore maiores nam. Voluptatum sit natus laborum mollitia beatae. Reiciendis odit nam temporibus sint magni aut quia et.');
INSERT INTO `listingReviews` (`listingReviewID`, `renterID`, `bookingID`, `listingID`, `hosterID`, `listingComment`, `listingRating`, `hostRating`, `hosterComment`) VALUES (90, 3, 90, 21, 33, 'Et sit consequatur est tempore qui non voluptatem est. Quo est quam eum consequatur quia. Dolorem praesentium quia nihil illum quasi. Omnis consequatur rerum ut minus voluptas dolores.', 1, 0, 'Est aspernatur fuga doloribus quidem aut illo accusantium laborum. Qui qui dolorum facilis doloribus repudiandae corporis illum explicabo. Voluptates unde animi sit et nesciunt tenetur sint aut.');
INSERT INTO `listingReviews` (`listingReviewID`, `renterID`, `bookingID`, `listingID`, `hosterID`, `listingComment`, `listingRating`, `hostRating`, `hosterComment`) VALUES (91, 5, 91, 32, 37, 'Excepturi reiciendis quod et id vitae consequuntur quia. Rerum occaecati quaerat et voluptas nobis molestias sunt. Totam hic repellat aut molestias.', 0, 3, 'Consectetur rerum enim molestias autem tenetur qui. Quia sunt eum aut eos blanditiis et. Itaque voluptatem velit expedita architecto doloribus adipisci adipisci. Et assumenda officia est.');
INSERT INTO `listingReviews` (`listingReviewID`, `renterID`, `bookingID`, `listingID`, `hosterID`, `listingComment`, `listingRating`, `hostRating`, `hosterComment`) VALUES (92, 16, 92, 23, 36, 'Eaque incidunt deleniti eos. Quibusdam ad quis culpa quasi. Rerum quis dolorem veritatis inventore et in soluta. Ea saepe omnis voluptatem enim velit est aut.', 1, 3, 'Sed dolor dolor ducimus et fugit. Maxime quis accusantium illum ab voluptates. Iste reiciendis rerum nam in accusamus recusandae vero. Asperiores velit exercitationem qui quisquam.');
INSERT INTO `listingReviews` (`listingReviewID`, `renterID`, `bookingID`, `listingID`, `hosterID`, `listingComment`, `listingRating`, `hostRating`, `hosterComment`) VALUES (93, 3, 93, 46, 42, 'Repellat rerum odit vel possimus quaerat aut ex. Consequatur nihil aut fugit blanditiis rerum. Quae quod ipsam et magnam eum est consequatur.', 5, 2, 'Voluptatem quibusdam qui aliquid nam soluta accusantium. Ut odit praesentium doloribus exercitationem incidunt. Dignissimos sunt et qui quod excepturi quam.');
INSERT INTO `listingReviews` (`listingReviewID`, `renterID`, `bookingID`, `listingID`, `hosterID`, `listingComment`, `listingRating`, `hostRating`, `hosterComment`) VALUES (94, 2, 94, 84, 37, 'Expedita nihil et ea magnam magnam dolor occaecati. Quia quam id ut dolores aut. Voluptatem voluptas molestiae eveniet laudantium qui aut enim velit.', 4, 5, 'Rerum sed a non deleniti quis repellat. Magnam quasi reiciendis explicabo enim natus.');
INSERT INTO `listingReviews` (`listingReviewID`, `renterID`, `bookingID`, `listingID`, `hosterID`, `listingComment`, `listingRating`, `hostRating`, `hosterComment`) VALUES (95, 7, 95, 93, 29, 'Ipsam expedita sequi ab adipisci nostrum eos praesentium. Dignissimos nesciunt repudiandae dolores. Est dolor quidem eaque saepe maxime. Magni nesciunt reiciendis molestiae.', 2, 3, 'Inventore nostrum cumque aperiam dolores. Dolore dolore iste consequatur.\nAut dolores aliquam numquam qui nihil. Dolor quas ut totam. Cum in sit quos iste ipsam explicabo consequatur.');
INSERT INTO `listingReviews` (`listingReviewID`, `renterID`, `bookingID`, `listingID`, `hosterID`, `listingComment`, `listingRating`, `hostRating`, `hosterComment`) VALUES (96, 21, 96, 59, 48, 'Explicabo magnam velit at. Facere facilis aliquam voluptatem alias.', 5, 1, 'Aut eos blanditiis excepturi dignissimos perferendis ut. Aut maxime et minus debitis aut sed. Quam sed aut ab qui ea eius omnis.');
INSERT INTO `listingReviews` (`listingReviewID`, `renterID`, `bookingID`, `listingID`, `hosterID`, `listingComment`, `listingRating`, `hostRating`, `hosterComment`) VALUES (97, 25, 97, 41, 26, 'Aliquid accusamus reiciendis tempore et. Distinctio delectus consectetur nostrum corrupti. Aperiam hic ipsum est optio accusamus et dolores.', 0, 0, 'Molestiae laboriosam eligendi voluptate ut dolores. Nesciunt molestiae corrupti occaecati fugit saepe reprehenderit. Ut ut aut ut dolorem. Corrupti rerum debitis ex expedita ea.');
INSERT INTO `listingReviews` (`listingReviewID`, `renterID`, `bookingID`, `listingID`, `hosterID`, `listingComment`, `listingRating`, `hostRating`, `hosterComment`) VALUES (98, 18, 98, 75, 37, 'Aut sed totam sequi optio aperiam. Eveniet nemo quia repellat minima. Occaecati nobis in id possimus quo molestiae delectus.', 2, 1, 'Et molestias fugit fugit quia odio. Nemo voluptatibus consequatur consequatur occaecati tenetur fugit vel.');
INSERT INTO `listingReviews` (`listingReviewID`, `renterID`, `bookingID`, `listingID`, `hosterID`, `listingComment`, `listingRating`, `hostRating`, `hosterComment`) VALUES (99, 8, 99, 65, 47, 'Sed voluptatibus ipsa eaque numquam quam. Dicta voluptatum quis eos et ut. Aut provident voluptates nulla non eveniet dolorem debitis. Aliquam omnis quam minus incidunt est ipsa.', 5, 3, 'Dolorem veritatis quibusdam sunt quisquam. Ut rerum natus laboriosam. Officiis ipsum consequatur adipisci sint minus harum impedit. At esse qui vitae quam tempore sit ut.');
INSERT INTO `listingReviews` (`listingReviewID`, `renterID`, `bookingID`, `listingID`, `hosterID`, `listingComment`, `listingRating`, `hostRating`, `hosterComment`) VALUES (100, 5, 100, 61, 35, 'Enim quos consequatur sed consequatur ut alias. Unde explicabo ut aut eaque nulla. Quae ut officia error error. Neque ea sint inventore enim esse et iusto quasi.', 3, 1, 'Velit ab ipsam nam quis amet et. A dolore inventore delectus repellat. Non cum sit deserunt voluptatum. Provident architecto et sit voluptatem perferendis est veniam facilis.');







INSERT INTO `renterReviews` (`renterReviewID`, `renterID`, `hosterID`, `bookingID`, `listingID`, `renterComment`, `renterRating`) VALUES (1, 6, 46, 1, 1, 'Saepe beatae quidem impedit placeat. Recusandae mollitia accusamus sed expedita. Omnis ducimus aperiam a totam sint rerum.', 4);
INSERT INTO `renterReviews` (`renterReviewID`, `renterID`, `hosterID`, `bookingID`, `listingID`, `renterComment`, `renterRating`) VALUES (2, 3, 42, 2, 2, 'Eos et voluptatem nam voluptatem iste quam. Veritatis necessitatibus quibusdam et. Sint perferendis vitae ut quia. Asperiores voluptates ad autem numquam et est itaque at.', 4);
INSERT INTO `renterReviews` (`renterReviewID`, `renterID`, `hosterID`, `bookingID`, `listingID`, `renterComment`, `renterRating`) VALUES (3, 16, 35, 3, 3, 'Quia voluptas aperiam non totam eos animi et. Ullam vero et suscipit occaecati. Perspiciatis ut molestiae adipisci vero. Sed qui eos neque et totam eum voluptas.', 3);
INSERT INTO `renterReviews` (`renterReviewID`, `renterID`, `hosterID`, `bookingID`, `listingID`, `renterComment`, `renterRating`) VALUES (4, 6, 37, 4, 4, 'Quia ea ea et. Eos ut unde inventore et quaerat quis voluptatum. Nostrum quis nesciunt repellendus quibusdam.', 1);
INSERT INTO `renterReviews` (`renterReviewID`, `renterID`, `hosterID`, `bookingID`, `listingID`, `renterComment`, `renterRating`) VALUES (5, 10, 36, 5, 5, 'Doloremque sit odio quisquam asperiores voluptas corrupti. Debitis molestias omnis ab id velit sed illum. Voluptas sit officia corrupti harum sit. Distinctio ea atque in possimus tempore amet.', 1);
INSERT INTO `renterReviews` (`renterReviewID`, `renterID`, `hosterID`, `bookingID`, `listingID`, `renterComment`, `renterRating`) VALUES (6, 18, 49, 6, 6, 'Quos maxime enim blanditiis alias officia aperiam. Et quis totam numquam cupiditate incidunt nostrum. Officiis quia ut nesciunt vero temporibus tempora. Nobis ipsa sed sequi.', 0);
INSERT INTO `renterReviews` (`renterReviewID`, `renterID`, `hosterID`, `bookingID`, `listingID`, `renterComment`, `renterRating`) VALUES (7, 20, 26, 7, 7, 'Commodi omnis exercitationem et reprehenderit ab modi. Dolorem perspiciatis non accusantium ipsa. Minima magni voluptatibus aperiam rerum.', 2);
INSERT INTO `renterReviews` (`renterReviewID`, `renterID`, `hosterID`, `bookingID`, `listingID`, `renterComment`, `renterRating`) VALUES (8, 17, 30, 8, 8, 'Consequatur quisquam enim dolore aut sint. Sunt exercitationem nihil nisi neque. Quo quia voluptatem debitis rerum sint. Dolor quidem exercitationem voluptate voluptates.', 4);
INSERT INTO `renterReviews` (`renterReviewID`, `renterID`, `hosterID`, `bookingID`, `listingID`, `renterComment`, `renterRating`) VALUES (9, 2, 48, 9, 9, 'Ab numquam iusto dolores laudantium quod ut. Odit voluptatum quia fuga nobis laboriosam. Ab aut sit harum reiciendis ab.', 1);
INSERT INTO `renterReviews` (`renterReviewID`, `renterID`, `hosterID`, `bookingID`, `listingID`, `renterComment`, `renterRating`) VALUES (10, 23, 47, 10, 10, 'Illum ut qui voluptas placeat distinctio consequuntur nostrum. Explicabo veniam voluptas placeat officia aspernatur. Dolorem et atque voluptatem quia qui velit iure.', 3);
INSERT INTO `renterReviews` (`renterReviewID`, `renterID`, `hosterID`, `bookingID`, `listingID`, `renterComment`, `renterRating`) VALUES (11, 2, 45, 11, 11, 'Temporibus voluptas quaerat vel magni doloribus sequi. Eum et reiciendis non mollitia itaque numquam eius. Beatae quia ut dolor perspiciatis error quaerat.', 3);
INSERT INTO `renterReviews` (`renterReviewID`, `renterID`, `hosterID`, `bookingID`, `listingID`, `renterComment`, `renterRating`) VALUES (12, 24, 49, 12, 12, 'Dolorem vel aut nemo ipsa enim. Ut ea omnis optio excepturi. Dolor fuga laboriosam ea. Exercitationem rerum minima doloribus.', 3);
INSERT INTO `renterReviews` (`renterReviewID`, `renterID`, `hosterID`, `bookingID`, `listingID`, `renterComment`, `renterRating`) VALUES (13, 10, 48, 13, 13, 'Voluptatem voluptatem eaque excepturi id. Minus qui enim esse repellat. Consequatur temporibus voluptatem et velit voluptatem commodi dignissimos. Magni laudantium qui et et quis occaecati.', 0);
INSERT INTO `renterReviews` (`renterReviewID`, `renterID`, `hosterID`, `bookingID`, `listingID`, `renterComment`, `renterRating`) VALUES (14, 19, 43, 14, 14, 'Ducimus reprehenderit et dolorem aut aut. Aspernatur non et maxime ut pariatur nostrum sit. At officia enim porro quia.', 4);
INSERT INTO `renterReviews` (`renterReviewID`, `renterID`, `hosterID`, `bookingID`, `listingID`, `renterComment`, `renterRating`) VALUES (15, 8, 29, 15, 15, 'Repellendus unde rem dignissimos error qui officia. Delectus consequatur voluptas deleniti explicabo qui sit aliquid. Qui nisi quod ducimus tempora.', 3);
INSERT INTO `renterReviews` (`renterReviewID`, `renterID`, `hosterID`, `bookingID`, `listingID`, `renterComment`, `renterRating`) VALUES (16, 24, 38, 16, 16, 'Saepe enim nulla quia aut tenetur. Rerum sit numquam quis laboriosam id. Accusantium adipisci qui rerum aperiam sed. Soluta omnis aut quidem quaerat beatae.', 3);
INSERT INTO `renterReviews` (`renterReviewID`, `renterID`, `hosterID`, `bookingID`, `listingID`, `renterComment`, `renterRating`) VALUES (17, 15, 34, 17, 17, 'Distinctio libero dolores maiores optio. Et sapiente est minima ea dicta est minus. Ad minus voluptas dolore. Iusto quis aspernatur voluptates.', 5);
INSERT INTO `renterReviews` (`renterReviewID`, `renterID`, `hosterID`, `bookingID`, `listingID`, `renterComment`, `renterRating`) VALUES (18, 6, 37, 18, 18, 'Voluptas quia iste ratione atque quidem vitae iure. Eveniet vel tempore sunt. Cum fugiat velit qui dicta. Est tempora perspiciatis fuga in cumque ut tenetur.', 1);
INSERT INTO `renterReviews` (`renterReviewID`, `renterID`, `hosterID`, `bookingID`, `listingID`, `renterComment`, `renterRating`) VALUES (19, 13, 29, 19, 19, 'Ratione quisquam eum omnis fugit. Inventore veritatis iste adipisci quod. Quia odio et et ea sequi pariatur.', 2);
INSERT INTO `renterReviews` (`renterReviewID`, `renterID`, `hosterID`, `bookingID`, `listingID`, `renterComment`, `renterRating`) VALUES (20, 17, 26, 20, 20, 'Vitae hic et non eligendi aliquam amet. Quo in eaque reiciendis aliquid non nisi sequi laboriosam. Et expedita possimus cupiditate recusandae. Sed excepturi vel ut hic facere veniam vel.', 2);
INSERT INTO `renterReviews` (`renterReviewID`, `renterID`, `hosterID`, `bookingID`, `listingID`, `renterComment`, `renterRating`) VALUES (21, 8, 37, 21, 21, 'Perferendis consectetur eum officia occaecati accusamus. Et dolores eum voluptatibus nemo et. Et tempora necessitatibus ea enim occaecati quia. Aliquam illo officia ullam fugiat cum doloribus.', 2);
INSERT INTO `renterReviews` (`renterReviewID`, `renterID`, `hosterID`, `bookingID`, `listingID`, `renterComment`, `renterRating`) VALUES (22, 17, 47, 22, 22, 'Quo qui voluptatum ut ullam rerum et qui. Hic vitae a accusantium odio. Ratione cumque consequuntur illo natus eius recusandae.', 0);
INSERT INTO `renterReviews` (`renterReviewID`, `renterID`, `hosterID`, `bookingID`, `listingID`, `renterComment`, `renterRating`) VALUES (23, 9, 39, 23, 23, 'Eos deserunt explicabo est. Et dolor id beatae nam et quo voluptas veniam. Aut quis qui voluptates et autem. Consequatur rem maiores quo possimus eos laborum.', 4);
INSERT INTO `renterReviews` (`renterReviewID`, `renterID`, `hosterID`, `bookingID`, `listingID`, `renterComment`, `renterRating`) VALUES (24, 6, 38, 24, 24, 'Quia ut molestiae et consequatur iure accusantium sed. Dolores non magnam id assumenda. Suscipit sunt architecto qui ipsum qui soluta. Repudiandae delectus odit ad qui accusamus magni soluta.', 4);
INSERT INTO `renterReviews` (`renterReviewID`, `renterID`, `hosterID`, `bookingID`, `listingID`, `renterComment`, `renterRating`) VALUES (25, 22, 39, 25, 25, 'Recusandae sunt ut voluptatem veritatis. Explicabo sed sapiente dignissimos sequi culpa velit tempora. Consequatur eaque omnis quia voluptas unde modi maxime.', 3);
INSERT INTO `renterReviews` (`renterReviewID`, `renterID`, `hosterID`, `bookingID`, `listingID`, `renterComment`, `renterRating`) VALUES (26, 4, 46, 26, 26, 'Corporis eligendi dolor repudiandae numquam. Vel eaque eum officia nisi eligendi. Eius praesentium rem omnis sint. Et tenetur consequatur dolorum eos magni qui sint tempora.', 1);
INSERT INTO `renterReviews` (`renterReviewID`, `renterID`, `hosterID`, `bookingID`, `listingID`, `renterComment`, `renterRating`) VALUES (27, 6, 31, 27, 27, 'Eaque et dolor quos voluptatem et officiis. Qui voluptatem reprehenderit occaecati dolor recusandae. Non non atque quia rerum facere sed incidunt.', 1);
INSERT INTO `renterReviews` (`renterReviewID`, `renterID`, `hosterID`, `bookingID`, `listingID`, `renterComment`, `renterRating`) VALUES (28, 24, 45, 28, 28, 'Ab voluptatem voluptas quaerat rerum praesentium. Sit mollitia qui sequi nihil soluta. Repudiandae culpa consequatur nulla nobis.', 4);
INSERT INTO `renterReviews` (`renterReviewID`, `renterID`, `hosterID`, `bookingID`, `listingID`, `renterComment`, `renterRating`) VALUES (29, 2, 40, 29, 29, 'Ipsam voluptas praesentium qui a voluptas. Mollitia voluptas maiores sed consectetur molestiae accusamus quaerat non. Minima qui sint eos eius dolorem. Veniam exercitationem ut quia ut.', 2);
INSERT INTO `renterReviews` (`renterReviewID`, `renterID`, `hosterID`, `bookingID`, `listingID`, `renterComment`, `renterRating`) VALUES (30, 25, 31, 30, 30, 'Magni cumque modi vel numquam repudiandae. Sequi porro voluptatum tenetur architecto ea. Dolor ad ducimus officiis aut placeat labore. Qui cumque aut molestiae cupiditate blanditiis porro et.', 4);
INSERT INTO `renterReviews` (`renterReviewID`, `renterID`, `hosterID`, `bookingID`, `listingID`, `renterComment`, `renterRating`) VALUES (31, 13, 50, 31, 31, 'Sit consequatur aspernatur ullam. Repellat quam sequi maxime. Aperiam occaecati sit eos iste. Illo quod quia autem optio et unde. Repellendus fuga maiores qui est sit.', 2);
INSERT INTO `renterReviews` (`renterReviewID`, `renterID`, `hosterID`, `bookingID`, `listingID`, `renterComment`, `renterRating`) VALUES (32, 25, 43, 32, 32, 'Hic iste perspiciatis maiores ex nisi. Natus neque aut maiores culpa. Dignissimos recusandae ut aspernatur. Fugiat ea ipsum laborum deleniti et.', 2);
INSERT INTO `renterReviews` (`renterReviewID`, `renterID`, `hosterID`, `bookingID`, `listingID`, `renterComment`, `renterRating`) VALUES (33, 18, 28, 33, 33, 'Et voluptate reiciendis necessitatibus. Est enim qui voluptas est aut animi nihil. Atque assumenda dolorum fuga. Quaerat totam delectus dignissimos non voluptas voluptatem.', 1);
INSERT INTO `renterReviews` (`renterReviewID`, `renterID`, `hosterID`, `bookingID`, `listingID`, `renterComment`, `renterRating`) VALUES (34, 23, 39, 34, 34, 'Fuga culpa rerum beatae non facere. Saepe sint perferendis quasi voluptates eos ea. Assumenda nostrum eos minima omnis. Voluptatem nemo ut incidunt.', 1);
INSERT INTO `renterReviews` (`renterReviewID`, `renterID`, `hosterID`, `bookingID`, `listingID`, `renterComment`, `renterRating`) VALUES (35, 22, 47, 35, 35, 'Quia et nihil qui omnis. Debitis eos et quam nihil aut. Qui debitis odit aut voluptates. Impedit nemo dolore et eligendi placeat eum amet.', 4);
INSERT INTO `renterReviews` (`renterReviewID`, `renterID`, `hosterID`, `bookingID`, `listingID`, `renterComment`, `renterRating`) VALUES (36, 20, 46, 36, 36, 'Libero esse ut cupiditate exercitationem voluptatum perspiciatis qui. Voluptate soluta nesciunt rerum minus ad. Natus ut modi neque ea odit nostrum.', 1);
INSERT INTO `renterReviews` (`renterReviewID`, `renterID`, `hosterID`, `bookingID`, `listingID`, `renterComment`, `renterRating`) VALUES (37, 25, 39, 37, 37, 'Est error ipsam quia doloribus. Quidem optio aut fuga in. Inventore omnis perspiciatis quaerat a at repellendus libero. Iste in ipsa perferendis porro.', 4);
INSERT INTO `renterReviews` (`renterReviewID`, `renterID`, `hosterID`, `bookingID`, `listingID`, `renterComment`, `renterRating`) VALUES (38, 25, 36, 38, 38, 'Voluptate et sed doloribus sapiente quas. Quisquam eaque nobis nisi culpa et et. Incidunt voluptatum provident nesciunt voluptas officiis similique illum accusantium.', 3);
INSERT INTO `renterReviews` (`renterReviewID`, `renterID`, `hosterID`, `bookingID`, `listingID`, `renterComment`, `renterRating`) VALUES (39, 19, 49, 39, 39, 'Dicta sit ipsam expedita consequuntur repellat et molestias. Id dolores repudiandae sit repellendus pariatur voluptatem accusantium. Beatae delectus rem quis dolor.', 4);
INSERT INTO `renterReviews` (`renterReviewID`, `renterID`, `hosterID`, `bookingID`, `listingID`, `renterComment`, `renterRating`) VALUES (40, 3, 41, 40, 40, 'Mollitia illum voluptatibus quaerat nihil. Non quisquam rem saepe optio quisquam accusantium dolorem necessitatibus. Nostrum soluta sunt reprehenderit veniam iure. Qui illum officia ea cum quae.', 1);
INSERT INTO `renterReviews` (`renterReviewID`, `renterID`, `hosterID`, `bookingID`, `listingID`, `renterComment`, `renterRating`) VALUES (41, 10, 33, 41, 41, 'Voluptas ab ut rem quam et. Ab ut quis eum aliquid. Sunt qui fuga fuga aliquam.', 5);
INSERT INTO `renterReviews` (`renterReviewID`, `renterID`, `hosterID`, `bookingID`, `listingID`, `renterComment`, `renterRating`) VALUES (42, 15, 50, 42, 42, 'Nihil voluptatem enim officiis et corrupti. Ut harum ipsa quidem fugit commodi. Ut consequatur quae aliquid beatae voluptas. Est eius qui soluta distinctio quis ratione.', 0);
INSERT INTO `renterReviews` (`renterReviewID`, `renterID`, `hosterID`, `bookingID`, `listingID`, `renterComment`, `renterRating`) VALUES (43, 7, 39, 43, 43, 'Sed sequi qui eum ut. Explicabo similique ea eligendi debitis. Necessitatibus id voluptatum dolor non officiis. Magnam facilis a assumenda itaque.', 1);
INSERT INTO `renterReviews` (`renterReviewID`, `renterID`, `hosterID`, `bookingID`, `listingID`, `renterComment`, `renterRating`) VALUES (44, 11, 41, 44, 44, 'Repellat distinctio quia rerum. Fugiat repellendus sed odio porro. Unde nesciunt ut quasi mollitia. Dolorum dolor aut est facilis facilis porro.', 0);
INSERT INTO `renterReviews` (`renterReviewID`, `renterID`, `hosterID`, `bookingID`, `listingID`, `renterComment`, `renterRating`) VALUES (45, 4, 47, 45, 45, 'Molestias aspernatur occaecati dolorum suscipit eos maxime ipsam. Dolor optio quaerat quidem animi autem repudiandae. Id totam voluptatem et quia. Odit maiores fugiat velit reiciendis.', 1);
INSERT INTO `renterReviews` (`renterReviewID`, `renterID`, `hosterID`, `bookingID`, `listingID`, `renterComment`, `renterRating`) VALUES (46, 14, 35, 46, 46, 'Impedit dolores placeat autem nam. Perferendis autem nemo eveniet officia odio quasi. Quis eveniet quis totam voluptatem minus rerum.', 5);
INSERT INTO `renterReviews` (`renterReviewID`, `renterID`, `hosterID`, `bookingID`, `listingID`, `renterComment`, `renterRating`) VALUES (47, 8, 27, 47, 47, 'Neque ut nesciunt voluptatibus facere repellat nostrum. Ut est dolor ut eveniet ipsam. Id est iusto esse reiciendis.', 5);
INSERT INTO `renterReviews` (`renterReviewID`, `renterID`, `hosterID`, `bookingID`, `listingID`, `renterComment`, `renterRating`) VALUES (48, 6, 31, 48, 48, 'Eos et qui non sint aspernatur libero. Aut quam veniam sed voluptas odit sit. Delectus fuga qui recusandae id eum impedit.', 0);
INSERT INTO `renterReviews` (`renterReviewID`, `renterID`, `hosterID`, `bookingID`, `listingID`, `renterComment`, `renterRating`) VALUES (49, 5, 40, 49, 49, 'Rerum quaerat et sequi magnam qui earum suscipit. Et quam eveniet perspiciatis placeat. Repellendus libero dolorum et suscipit dolor. Consectetur quis possimus qui qui mollitia.', 2);
INSERT INTO `renterReviews` (`renterReviewID`, `renterID`, `hosterID`, `bookingID`, `listingID`, `renterComment`, `renterRating`) VALUES (50, 10, 47, 50, 50, 'Cumque in quos et perspiciatis nemo. Voluptas iure ullam dolorem est sapiente. Molestiae eos deleniti facere laboriosam molestiae et officia.', 1);
INSERT INTO `renterReviews` (`renterReviewID`, `renterID`, `hosterID`, `bookingID`, `listingID`, `renterComment`, `renterRating`) VALUES (51, 16, 28, 51, 51, 'Qui amet autem ut quos quidem. Nobis nisi debitis quia voluptatum. Magnam dignissimos soluta cum qui voluptas rerum minus. Minus reprehenderit sapiente hic maiores.', 5);
INSERT INTO `renterReviews` (`renterReviewID`, `renterID`, `hosterID`, `bookingID`, `listingID`, `renterComment`, `renterRating`) VALUES (52, 5, 32, 52, 52, 'Nostrum eveniet ut enim ut in repellat. Id saepe dolores quidem et itaque quia. Facere iusto laudantium consequuntur quos soluta sed velit aut. Et voluptas saepe nihil nobis rerum possimus numquam.', 5);
INSERT INTO `renterReviews` (`renterReviewID`, `renterID`, `hosterID`, `bookingID`, `listingID`, `renterComment`, `renterRating`) VALUES (53, 10, 44, 53, 53, 'Repudiandae at sit error. Enim labore quidem et nihil aliquam minus. Sequi officia dignissimos iure in. Voluptate voluptas qui repudiandae quasi et minima.', 0);
INSERT INTO `renterReviews` (`renterReviewID`, `renterID`, `hosterID`, `bookingID`, `listingID`, `renterComment`, `renterRating`) VALUES (54, 8, 37, 54, 54, 'Blanditiis sint exercitationem molestiae ipsum doloremque. Distinctio voluptatum ex eum et tenetur eaque sed. Rerum ratione eos voluptas voluptatem. Corrupti et est porro veritatis.', 3);
INSERT INTO `renterReviews` (`renterReviewID`, `renterID`, `hosterID`, `bookingID`, `listingID`, `renterComment`, `renterRating`) VALUES (55, 21, 33, 55, 55, 'Occaecati magnam molestiae sequi quibusdam. Eos sint qui sint eum. Illo ipsam sequi nihil consequuntur quis voluptatem ut minus. Sed dolorem voluptates aut id nobis.', 4);
INSERT INTO `renterReviews` (`renterReviewID`, `renterID`, `hosterID`, `bookingID`, `listingID`, `renterComment`, `renterRating`) VALUES (56, 11, 48, 56, 56, 'Pariatur vitae ut quis recusandae beatae eos magni. Dolorum animi voluptate aut itaque tempore. Corrupti illum exercitationem aut.', 2);
INSERT INTO `renterReviews` (`renterReviewID`, `renterID`, `hosterID`, `bookingID`, `listingID`, `renterComment`, `renterRating`) VALUES (57, 5, 45, 57, 57, 'Ut provident rem modi qui sed qui est vel. Velit voluptas nemo provident magnam. Impedit est placeat blanditiis modi non fuga accusantium.', 4);
INSERT INTO `renterReviews` (`renterReviewID`, `renterID`, `hosterID`, `bookingID`, `listingID`, `renterComment`, `renterRating`) VALUES (58, 23, 32, 58, 58, 'Dignissimos asperiores excepturi mollitia consequuntur. Eveniet quidem earum rerum adipisci impedit autem at. Atque explicabo dolorem rerum sint incidunt omnis.', 0);
INSERT INTO `renterReviews` (`renterReviewID`, `renterID`, `hosterID`, `bookingID`, `listingID`, `renterComment`, `renterRating`) VALUES (59, 17, 27, 59, 59, 'Aperiam inventore nihil illum. Consequatur enim aut officia rerum commodi reprehenderit accusantium. Quia cumque voluptatem saepe.', 4);
INSERT INTO `renterReviews` (`renterReviewID`, `renterID`, `hosterID`, `bookingID`, `listingID`, `renterComment`, `renterRating`) VALUES (60, 17, 28, 60, 60, 'Quisquam et est ipsum nostrum. Amet qui repudiandae unde fugit debitis omnis. Labore fugiat consequatur earum ex corporis distinctio voluptas culpa.', 3);
INSERT INTO `renterReviews` (`renterReviewID`, `renterID`, `hosterID`, `bookingID`, `listingID`, `renterComment`, `renterRating`) VALUES (61, 5, 34, 61, 61, 'Quae enim cum ducimus debitis est distinctio nemo. Sint eos exercitationem atque nihil facilis consequatur quam.', 4);
INSERT INTO `renterReviews` (`renterReviewID`, `renterID`, `hosterID`, `bookingID`, `listingID`, `renterComment`, `renterRating`) VALUES (62, 2, 27, 62, 62, 'Commodi libero praesentium dolorem ut tenetur dolorem est. Nam dolorem earum qui aut. Autem iusto et sequi laborum cumque repellendus rerum. Accusamus dolores labore sit porro.', 0);
INSERT INTO `renterReviews` (`renterReviewID`, `renterID`, `hosterID`, `bookingID`, `listingID`, `renterComment`, `renterRating`) VALUES (63, 21, 48, 63, 63, 'Suscipit sit qui est. Et blanditiis est asperiores hic natus alias temporibus. At laborum rerum autem eum.', 1);
INSERT INTO `renterReviews` (`renterReviewID`, `renterID`, `hosterID`, `bookingID`, `listingID`, `renterComment`, `renterRating`) VALUES (64, 6, 39, 64, 64, 'Quia maiores dolore magnam recusandae iste rerum illo. Maiores distinctio voluptas deserunt aut pariatur dolorem. Dolores eum sint consequatur quia. At voluptatem ut sint enim cupiditate.', 0);
INSERT INTO `renterReviews` (`renterReviewID`, `renterID`, `hosterID`, `bookingID`, `listingID`, `renterComment`, `renterRating`) VALUES (65, 4, 49, 65, 65, 'Hic odio eum magni. Rerum et fugit adipisci facilis voluptatibus. Est aut molestiae delectus est eos nihil quidem.', 4);
INSERT INTO `renterReviews` (`renterReviewID`, `renterID`, `hosterID`, `bookingID`, `listingID`, `renterComment`, `renterRating`) VALUES (66, 11, 31, 66, 66, 'Itaque blanditiis fuga ut. Animi dolorem dicta earum rerum repellat possimus. Cum ipsam et earum excepturi hic.', 2);
INSERT INTO `renterReviews` (`renterReviewID`, `renterID`, `hosterID`, `bookingID`, `listingID`, `renterComment`, `renterRating`) VALUES (67, 12, 31, 67, 67, 'Est qui quia qui voluptatum. Esse et nesciunt fugit molestiae sunt dolorem. Quia quam voluptas molestiae laboriosam quaerat autem. Reiciendis voluptatem rerum vel eius.', 0);
INSERT INTO `renterReviews` (`renterReviewID`, `renterID`, `hosterID`, `bookingID`, `listingID`, `renterComment`, `renterRating`) VALUES (68, 24, 37, 68, 68, 'Et quae itaque adipisci repellat similique dolorem ut. Inventore cum enim assumenda. Sed odio et totam architecto eius saepe quos. Sequi distinctio magnam soluta pariatur quia asperiores ut.', 0);
INSERT INTO `renterReviews` (`renterReviewID`, `renterID`, `hosterID`, `bookingID`, `listingID`, `renterComment`, `renterRating`) VALUES (69, 23, 38, 69, 69, 'Qui sed voluptas vel illum sunt pariatur asperiores. Iusto molestiae libero dolorem voluptas id reprehenderit sint. Consequatur aut qui molestias occaecati voluptate dolor et.', 5);
INSERT INTO `renterReviews` (`renterReviewID`, `renterID`, `hosterID`, `bookingID`, `listingID`, `renterComment`, `renterRating`) VALUES (70, 3, 40, 70, 70, 'Quibusdam aut ea id expedita ratione vel dolor dolorem. Impedit ab deserunt totam est est impedit. Vel cum aut id cum quia sed voluptas. Vitae corporis occaecati expedita dolore qui.', 5);
INSERT INTO `renterReviews` (`renterReviewID`, `renterID`, `hosterID`, `bookingID`, `listingID`, `renterComment`, `renterRating`) VALUES (71, 6, 50, 71, 71, 'Qui eaque recusandae alias ut. Qui ea eius enim in temporibus. Aut accusamus quibusdam molestiae culpa dolores. Tenetur provident saepe animi quia eaque.', 1);
INSERT INTO `renterReviews` (`renterReviewID`, `renterID`, `hosterID`, `bookingID`, `listingID`, `renterComment`, `renterRating`) VALUES (72, 25, 28, 72, 72, 'Inventore neque illo facere nisi nobis nesciunt. Eos dolorem ab eveniet ab. Dolor sint voluptatibus dolores beatae.', 0);
INSERT INTO `renterReviews` (`renterReviewID`, `renterID`, `hosterID`, `bookingID`, `listingID`, `renterComment`, `renterRating`) VALUES (73, 17, 32, 73, 73, 'Rerum dolorem placeat eos quis aliquam quo. At enim nostrum dolores iure consequatur totam consequatur. Doloremque ut consequuntur nihil eum unde. Eligendi voluptatem rem rem et harum.', 5);
INSERT INTO `renterReviews` (`renterReviewID`, `renterID`, `hosterID`, `bookingID`, `listingID`, `renterComment`, `renterRating`) VALUES (74, 14, 48, 74, 74, 'Doloribus cum ratione adipisci libero. Tenetur et non odit. Saepe quo earum sed assumenda dicta maxime. Placeat magni alias assumenda reprehenderit assumenda.', 2);
INSERT INTO `renterReviews` (`renterReviewID`, `renterID`, `hosterID`, `bookingID`, `listingID`, `renterComment`, `renterRating`) VALUES (75, 14, 49, 75, 75, 'Ut molestiae impedit facere ea in adipisci quo. Rerum exercitationem est corrupti ullam tenetur qui nisi. At dolor recusandae et.', 5);
INSERT INTO `renterReviews` (`renterReviewID`, `renterID`, `hosterID`, `bookingID`, `listingID`, `renterComment`, `renterRating`) VALUES (76, 21, 36, 76, 76, 'Dolorum voluptas cupiditate libero pariatur dolores tempore et. Dolores reprehenderit ipsa qui corporis minus non. Et et quas veritatis dolorum.', 5);
INSERT INTO `renterReviews` (`renterReviewID`, `renterID`, `hosterID`, `bookingID`, `listingID`, `renterComment`, `renterRating`) VALUES (77, 14, 43, 77, 77, 'Est autem dolores ut et sed provident ullam velit. Aut sed consequatur et dolore est ut ea. Vitae qui et repellat consequuntur et quo. Veniam assumenda ut omnis dignissimos dicta eligendi et.', 1);
INSERT INTO `renterReviews` (`renterReviewID`, `renterID`, `hosterID`, `bookingID`, `listingID`, `renterComment`, `renterRating`) VALUES (78, 17, 32, 78, 78, 'Blanditiis sunt dolor voluptatem accusantium nesciunt blanditiis voluptas. Et repellendus omnis earum. Rem ut omnis quae corporis maiores magni illum.', 1);
INSERT INTO `renterReviews` (`renterReviewID`, `renterID`, `hosterID`, `bookingID`, `listingID`, `renterComment`, `renterRating`) VALUES (79, 3, 49, 79, 79, 'Suscipit cumque est temporibus assumenda inventore alias. Ipsam ut assumenda mollitia nihil repellendus sed. Qui consequatur est sapiente voluptas.', 0);
INSERT INTO `renterReviews` (`renterReviewID`, `renterID`, `hosterID`, `bookingID`, `listingID`, `renterComment`, `renterRating`) VALUES (80, 15, 29, 80, 80, 'Dolores enim fuga magnam in dolores at nemo. Delectus veritatis nisi voluptatibus ut ea voluptas natus. Optio eius omnis fugit animi.', 5);
INSERT INTO `renterReviews` (`renterReviewID`, `renterID`, `hosterID`, `bookingID`, `listingID`, `renterComment`, `renterRating`) VALUES (81, 19, 32, 81, 81, 'Recusandae eum asperiores blanditiis odit. Dolore eius qui qui nobis iure aspernatur delectus. Reiciendis ab voluptas et voluptatibus qui. Minima perferendis aut et in.', 4);
INSERT INTO `renterReviews` (`renterReviewID`, `renterID`, `hosterID`, `bookingID`, `listingID`, `renterComment`, `renterRating`) VALUES (82, 6, 31, 82, 82, 'Sit ut ab exercitationem similique. Sed similique asperiores quis reiciendis.', 0);
INSERT INTO `renterReviews` (`renterReviewID`, `renterID`, `hosterID`, `bookingID`, `listingID`, `renterComment`, `renterRating`) VALUES (83, 14, 36, 83, 83, 'Facere et odit nobis non sint alias est. Quo odio fugiat qui quae sit. Qui accusamus minus non nihil ut sint. Nobis cumque quaerat odio omnis officia quia. Mollitia soluta fugiat dolores vero.', 3);
INSERT INTO `renterReviews` (`renterReviewID`, `renterID`, `hosterID`, `bookingID`, `listingID`, `renterComment`, `renterRating`) VALUES (84, 8, 46, 84, 84, 'Tempore provident eveniet reprehenderit et quisquam labore. Voluptate ratione amet praesentium accusantium rem praesentium. Laboriosam id ab tempore cum consequatur fuga.', 3);
INSERT INTO `renterReviews` (`renterReviewID`, `renterID`, `hosterID`, `bookingID`, `listingID`, `renterComment`, `renterRating`) VALUES (85, 15, 34, 85, 85, 'Molestiae optio dolores sunt quaerat cumque. Sit illum nostrum voluptas magnam nam laboriosam necessitatibus architecto. Atque at aut molestiae incidunt. Perspiciatis nesciunt at unde quam.', 1);
INSERT INTO `renterReviews` (`renterReviewID`, `renterID`, `hosterID`, `bookingID`, `listingID`, `renterComment`, `renterRating`) VALUES (86, 6, 38, 86, 86, 'Dolor assumenda expedita nam accusantium soluta eos. Sed vero sunt nostrum non quas temporibus. Cum suscipit aut tenetur earum. Dolores sapiente earum sunt quos quae debitis nihil.', 4);
INSERT INTO `renterReviews` (`renterReviewID`, `renterID`, `hosterID`, `bookingID`, `listingID`, `renterComment`, `renterRating`) VALUES (87, 23, 32, 87, 87, 'Id quia qui velit ut. Tenetur sint exercitationem ex quam voluptatem. Consequatur molestiae et veniam tempore.', 3);
INSERT INTO `renterReviews` (`renterReviewID`, `renterID`, `hosterID`, `bookingID`, `listingID`, `renterComment`, `renterRating`) VALUES (88, 11, 42, 88, 88, 'Est ut nemo est voluptate. Doloribus voluptatem libero velit illo nihil eos quia earum. Qui voluptatem asperiores autem nemo et enim est.', 3);
INSERT INTO `renterReviews` (`renterReviewID`, `renterID`, `hosterID`, `bookingID`, `listingID`, `renterComment`, `renterRating`) VALUES (89, 10, 32, 89, 89, 'Voluptatem provident aliquid omnis ipsum quae. Eum consequatur consequatur facere ea laudantium voluptatem atque. Et molestiae voluptatum explicabo enim reiciendis. Rerum eos officiis et sit autem.', 1);
INSERT INTO `renterReviews` (`renterReviewID`, `renterID`, `hosterID`, `bookingID`, `listingID`, `renterComment`, `renterRating`) VALUES (90, 13, 46, 90, 90, 'Voluptatem aut aut facilis veritatis. Illum accusamus animi velit qui animi rerum quia. Ea expedita et et aut et veniam veniam. Quibusdam assumenda deserunt est.', 0);
INSERT INTO `renterReviews` (`renterReviewID`, `renterID`, `hosterID`, `bookingID`, `listingID`, `renterComment`, `renterRating`) VALUES (91, 1, 49, 91, 91, 'Labore autem deleniti magnam modi ullam et et. Qui consequatur est officia eius. Vitae aut sed nostrum dolor eligendi nisi ea.', 5);
INSERT INTO `renterReviews` (`renterReviewID`, `renterID`, `hosterID`, `bookingID`, `listingID`, `renterComment`, `renterRating`) VALUES (92, 25, 46, 92, 92, 'Enim cupiditate excepturi eum in in ullam sed. Facilis nemo tempore quia. Est nulla exercitationem illo modi voluptates in. Laborum sed sequi earum nulla laboriosam minus odio ipsa.', 3);
INSERT INTO `renterReviews` (`renterReviewID`, `renterID`, `hosterID`, `bookingID`, `listingID`, `renterComment`, `renterRating`) VALUES (93, 1, 36, 93, 93, 'Ducimus hic a tempora natus officia. Saepe quod expedita maxime quo aut. Ipsam et officia ipsa dolorum in laboriosam. Laudantium quia enim dolor similique id ut autem.', 4);
INSERT INTO `renterReviews` (`renterReviewID`, `renterID`, `hosterID`, `bookingID`, `listingID`, `renterComment`, `renterRating`) VALUES (94, 19, 35, 94, 94, 'Nulla suscipit qui assumenda. Odit et atque animi et saepe. Voluptates deserunt et accusantium ipsa laudantium. Deleniti pariatur repellat voluptatibus nihil non iste.', 4);
INSERT INTO `renterReviews` (`renterReviewID`, `renterID`, `hosterID`, `bookingID`, `listingID`, `renterComment`, `renterRating`) VALUES (95, 8, 27, 95, 95, 'Et nemo ratione laborum sint consequuntur aliquam. Aut molestiae quia odit molestiae at sit. Est voluptatem iste quia iste vero. Corporis iure voluptas ipsam ad repellendus eligendi.', 1);
INSERT INTO `renterReviews` (`renterReviewID`, `renterID`, `hosterID`, `bookingID`, `listingID`, `renterComment`, `renterRating`) VALUES (96, 11, 32, 96, 96, 'Sit architecto deleniti rerum quis facere. Voluptas qui dignissimos non est aut et. Vero amet vel aliquam et cupiditate sed asperiores. Voluptatibus amet itaque eum incidunt.', 4);
INSERT INTO `renterReviews` (`renterReviewID`, `renterID`, `hosterID`, `bookingID`, `listingID`, `renterComment`, `renterRating`) VALUES (97, 20, 28, 97, 97, 'Cupiditate qui voluptate culpa molestiae. Animi quisquam dolorem iste voluptatem quod quis repudiandae explicabo.', 5);
INSERT INTO `renterReviews` (`renterReviewID`, `renterID`, `hosterID`, `bookingID`, `listingID`, `renterComment`, `renterRating`) VALUES (98, 13, 34, 98, 98, 'Consequatur sint quis consequatur quisquam architecto officiis qui. Et autem laborum ipsam exercitationem asperiores. Accusantium quo ex est sed. Porro placeat qui cupiditate.', 4);
INSERT INTO `renterReviews` (`renterReviewID`, `renterID`, `hosterID`, `bookingID`, `listingID`, `renterComment`, `renterRating`) VALUES (99, 17, 26, 99, 99, 'Consectetur explicabo facilis sunt molestiae incidunt iste. Optio et sunt atque modi aut illum aut voluptatem. Veritatis ut tenetur minima dolorem ratione ut.', 4);
INSERT INTO `renterReviews` (`renterReviewID`, `renterID`, `hosterID`, `bookingID`, `listingID`, `renterComment`, `renterRating`) VALUES (100, 18, 45, 100, 100, 'Natus dolorum dolorem soluta deserunt repellat non sint. Eos ullam ut commodi rerum iste provident quibusdam. Et officiis est blanditiis.', 1);


INSERT INTO `amenitiesList` (`listingID`, `amentID`) VALUES (1, 1);
INSERT INTO `amenitiesList` (`listingID`, `amentID`) VALUES (2, 2);
INSERT INTO `amenitiesList` (`listingID`, `amentID`) VALUES (3, 3);
INSERT INTO `amenitiesList` (`listingID`, `amentID`) VALUES (4, 4);
INSERT INTO `amenitiesList` (`listingID`, `amentID`) VALUES (5, 5);
INSERT INTO `amenitiesList` (`listingID`, `amentID`) VALUES (6, 6);
INSERT INTO `amenitiesList` (`listingID`, `amentID`) VALUES (7, 7);
INSERT INTO `amenitiesList` (`listingID`, `amentID`) VALUES (8, 8);
INSERT INTO `amenitiesList` (`listingID`, `amentID`) VALUES (9, 9);
INSERT INTO `amenitiesList` (`listingID`, `amentID`) VALUES (10, 10);
INSERT INTO `amenitiesList` (`listingID`, `amentID`) VALUES (11, 11);
INSERT INTO `amenitiesList` (`listingID`, `amentID`) VALUES (12, 12);
INSERT INTO `amenitiesList` (`listingID`, `amentID`) VALUES (13, 13);
INSERT INTO `amenitiesList` (`listingID`, `amentID`) VALUES (14, 14);
INSERT INTO `amenitiesList` (`listingID`, `amentID`) VALUES (15, 15);
INSERT INTO `amenitiesList` (`listingID`, `amentID`) VALUES (16, 16);
INSERT INTO `amenitiesList` (`listingID`, `amentID`) VALUES (17, 17);
INSERT INTO `amenitiesList` (`listingID`, `amentID`) VALUES (18, 18);
INSERT INTO `amenitiesList` (`listingID`, `amentID`) VALUES (19, 1);
INSERT INTO `amenitiesList` (`listingID`, `amentID`) VALUES (20, 2);
INSERT INTO `amenitiesList` (`listingID`, `amentID`) VALUES (21, 3);
INSERT INTO `amenitiesList` (`listingID`, `amentID`) VALUES (22, 4);
INSERT INTO `amenitiesList` (`listingID`, `amentID`) VALUES (23, 5);
INSERT INTO `amenitiesList` (`listingID`, `amentID`) VALUES (24, 6);
INSERT INTO `amenitiesList` (`listingID`, `amentID`) VALUES (25, 7);
INSERT INTO `amenitiesList` (`listingID`, `amentID`) VALUES (26, 8);
INSERT INTO `amenitiesList` (`listingID`, `amentID`) VALUES (27, 9);
INSERT INTO `amenitiesList` (`listingID`, `amentID`) VALUES (28, 10);
INSERT INTO `amenitiesList` (`listingID`, `amentID`) VALUES (29, 11);
INSERT INTO `amenitiesList` (`listingID`, `amentID`) VALUES (30, 12);
INSERT INTO `amenitiesList` (`listingID`, `amentID`) VALUES (31, 13);
INSERT INTO `amenitiesList` (`listingID`, `amentID`) VALUES (32, 14);
INSERT INTO `amenitiesList` (`listingID`, `amentID`) VALUES (33, 15);
INSERT INTO `amenitiesList` (`listingID`, `amentID`) VALUES (34, 16);
INSERT INTO `amenitiesList` (`listingID`, `amentID`) VALUES (35, 17);
INSERT INTO `amenitiesList` (`listingID`, `amentID`) VALUES (36, 18);
INSERT INTO `amenitiesList` (`listingID`, `amentID`) VALUES (37, 1);
INSERT INTO `amenitiesList` (`listingID`, `amentID`) VALUES (38, 2);
INSERT INTO `amenitiesList` (`listingID`, `amentID`) VALUES (39, 3);
INSERT INTO `amenitiesList` (`listingID`, `amentID`) VALUES (40, 4);
INSERT INTO `amenitiesList` (`listingID`, `amentID`) VALUES (41, 5);
INSERT INTO `amenitiesList` (`listingID`, `amentID`) VALUES (42, 6);
INSERT INTO `amenitiesList` (`listingID`, `amentID`) VALUES (43, 7);
INSERT INTO `amenitiesList` (`listingID`, `amentID`) VALUES (44, 8);
INSERT INTO `amenitiesList` (`listingID`, `amentID`) VALUES (45, 9);
INSERT INTO `amenitiesList` (`listingID`, `amentID`) VALUES (46, 10);
INSERT INTO `amenitiesList` (`listingID`, `amentID`) VALUES (47, 11);
INSERT INTO `amenitiesList` (`listingID`, `amentID`) VALUES (48, 12);
INSERT INTO `amenitiesList` (`listingID`, `amentID`) VALUES (49, 13);
INSERT INTO `amenitiesList` (`listingID`, `amentID`) VALUES (50, 14);
INSERT INTO `amenitiesList` (`listingID`, `amentID`) VALUES (51, 15);
INSERT INTO `amenitiesList` (`listingID`, `amentID`) VALUES (52, 16);
INSERT INTO `amenitiesList` (`listingID`, `amentID`) VALUES (53, 17);
INSERT INTO `amenitiesList` (`listingID`, `amentID`) VALUES (54, 18);
INSERT INTO `amenitiesList` (`listingID`, `amentID`) VALUES (55, 1);
INSERT INTO `amenitiesList` (`listingID`, `amentID`) VALUES (56, 2);
INSERT INTO `amenitiesList` (`listingID`, `amentID`) VALUES (57, 3);
INSERT INTO `amenitiesList` (`listingID`, `amentID`) VALUES (58, 4);
INSERT INTO `amenitiesList` (`listingID`, `amentID`) VALUES (59, 5);
INSERT INTO `amenitiesList` (`listingID`, `amentID`) VALUES (60, 6);
INSERT INTO `amenitiesList` (`listingID`, `amentID`) VALUES (61, 7);
INSERT INTO `amenitiesList` (`listingID`, `amentID`) VALUES (62, 8);
INSERT INTO `amenitiesList` (`listingID`, `amentID`) VALUES (63, 9);
INSERT INTO `amenitiesList` (`listingID`, `amentID`) VALUES (64, 10);
INSERT INTO `amenitiesList` (`listingID`, `amentID`) VALUES (65, 11);
INSERT INTO `amenitiesList` (`listingID`, `amentID`) VALUES (66, 12);
INSERT INTO `amenitiesList` (`listingID`, `amentID`) VALUES (67, 13);
INSERT INTO `amenitiesList` (`listingID`, `amentID`) VALUES (68, 14);
INSERT INTO `amenitiesList` (`listingID`, `amentID`) VALUES (69, 15);
INSERT INTO `amenitiesList` (`listingID`, `amentID`) VALUES (70, 16);
INSERT INTO `amenitiesList` (`listingID`, `amentID`) VALUES (71, 17);
INSERT INTO `amenitiesList` (`listingID`, `amentID`) VALUES (72, 18);
INSERT INTO `amenitiesList` (`listingID`, `amentID`) VALUES (73, 1);
INSERT INTO `amenitiesList` (`listingID`, `amentID`) VALUES (74, 2);
INSERT INTO `amenitiesList` (`listingID`, `amentID`) VALUES (75, 3);
INSERT INTO `amenitiesList` (`listingID`, `amentID`) VALUES (76, 4);
INSERT INTO `amenitiesList` (`listingID`, `amentID`) VALUES (77, 5);
INSERT INTO `amenitiesList` (`listingID`, `amentID`) VALUES (78, 6);
INSERT INTO `amenitiesList` (`listingID`, `amentID`) VALUES (79, 7);
INSERT INTO `amenitiesList` (`listingID`, `amentID`) VALUES (80, 8);
INSERT INTO `amenitiesList` (`listingID`, `amentID`) VALUES (81, 9);
INSERT INTO `amenitiesList` (`listingID`, `amentID`) VALUES (82, 10);
INSERT INTO `amenitiesList` (`listingID`, `amentID`) VALUES (83, 11);
INSERT INTO `amenitiesList` (`listingID`, `amentID`) VALUES (84, 12);
INSERT INTO `amenitiesList` (`listingID`, `amentID`) VALUES (85, 13);
INSERT INTO `amenitiesList` (`listingID`, `amentID`) VALUES (86, 14);
INSERT INTO `amenitiesList` (`listingID`, `amentID`) VALUES (87, 15);
INSERT INTO `amenitiesList` (`listingID`, `amentID`) VALUES (88, 16);
INSERT INTO `amenitiesList` (`listingID`, `amentID`) VALUES (89, 17);
INSERT INTO `amenitiesList` (`listingID`, `amentID`) VALUES (90, 18);
INSERT INTO `amenitiesList` (`listingID`, `amentID`) VALUES (91, 1);
INSERT INTO `amenitiesList` (`listingID`, `amentID`) VALUES (92, 2);
INSERT INTO `amenitiesList` (`listingID`, `amentID`) VALUES (93, 3);
INSERT INTO `amenitiesList` (`listingID`, `amentID`) VALUES (94, 4);
INSERT INTO `amenitiesList` (`listingID`, `amentID`) VALUES (95, 5);
INSERT INTO `amenitiesList` (`listingID`, `amentID`) VALUES (96, 6);
INSERT INTO `amenitiesList` (`listingID`, `amentID`) VALUES (97, 7);
INSERT INTO `amenitiesList` (`listingID`, `amentID`) VALUES (98, 8);
INSERT INTO `amenitiesList` (`listingID`, `amentID`) VALUES (99, 9);
INSERT INTO `amenitiesList` (`listingID`, `amentID`) VALUES (100, 10);

